采集日期,设备ID,采集地点,日报截屏上送时长（小时）,原始上送时长（小时）,原始上送时长（分钟）,运营端不合格时长（小时）,运营端不合格时长（分钟）,算法端可接受时长（分钟）,算法端可接受时长（小时）,不合格时长占比,数据记录差异,任务描述,NOTE
2026/1/30,23dc,深圳,0.0,5.06,303.6,0.12,7.29,296.31,4.94,2.4%,5.06,安装电池,工作时间较短; 未工作; 时间过短; 未工作; 未工作; 未工作; 未工作; 未工作
2026/1/30,b1e0,深圳,0.0,5.01,300.9,0.01,0.8,300.1,5.0,0.27%,5.01,整理文档,时间较短
2026/1/31,2a31,邯郸,3.0,3.47,208.2,1.8,107.8,100.4,1.67,51.78%,0.47,整理书籍,手部未漏全; 手部太靠下，显示不全; 手部未漏全; 手部未漏全; 手部未漏全; 手部未漏全; 手部太靠下，显示不全; 手部太靠下，显示不全; 手部未漏全; 手部未漏全; 手部未漏全; 手部未漏全; 手部太靠下，显示不全; 手部未漏全; 多只手
2026/1/31,8128,邯郸,5.0,4.99,299.3,0.05,2.95,296.35,4.94,0.99%,-0.01,整理书籍,手部未漏全; 未工作; 时间过短; 未工作; 手部未漏全
2026/1/31,896a,邯郸,5.0,4.98,299.0,2.09,125.5,173.5,2.89,41.97%,-0.02,擦拭餐具,手部未漏全; 手部未漏全; 手部未漏全; 手部未漏全; 手部未漏全; 手部未漏全; 手部未漏全; 手部未露全; 手部未漏全; 手部未漏全; 手部未露全; 手部未露全; 手部未漏全; 手部未露全; 手部未漏全; 手部未露全
2026/1/31,b852,邯郸,4.0,3.32,199.2,0.91,54.6,144.6,2.41,27.41%,-0.68,叠衣服,手部频繁出画面; 手部频繁出画面; 手部频繁出画面; 手部频繁出画面; 手部频繁出画面; 手部频繁出画面
2026/2/1,2a31,邯郸,6.5,6.53,391.8,3.2,192.0,199.8,3.33,49.0%,0.03,整理书籍,手部未露全; 手部未露全; 手部未露全; 手部太靠下，显示不全; 手部太靠下，显示不全; 手部太靠下，显示不全; 手部未露全; 手部太靠下，显示不全; 手部太靠下，显示不全; 手部太靠下，显示不全; 手部太靠下，显示不全; 手部太靠下，显示不全; 手部未露全; 手部未露全; 手部未露全; 手部未露全; 时间较短; 手部未露全; 手部未露全; 手部未露全; 镜头被遮挡; 镜头被遮挡; 镜头被遮挡; 镜头被遮挡
2026/2/1,8128,邯郸,5.5,5.46,327.3,2.78,166.7,160.6,2.68,50.93%,-0.04,擦拭餐具,手部未露全; 手部未露全; 时间较短; 手部未露全; 手部未露全; 手部未露全; 手部未露全; 手部未露全; 手部未露全; 手部未露全; 手部未露全; 手部未露全; 手部未露全; 手部未露全; 手部未露全; 手部未露全; 手部未露全; 未工作; 手部未露全; 手部未露全; 手部未露全; 手部未露全
2026/2/1,896a,邯郸,5.25,5.16,309.8,1.23,73.95,235.85,3.93,23.87%,-0.09,擦拭餐具,多只手; 多只手; 多只手; 多只手; 时间较短; 多只手; 多只手; 多只手; 时间较短; 时间较短; 时间较短; 时间较短; 未工作
2026/2/1,b852,邯郸,5.0,5.12,307.0,0.8,48.3,258.7,4.31,15.73%,0.12,叠衣服,工作时间较少; 手部未露全; 手部未露全; 时间较短; 时间过短; 手部大部分时间太靠下显示不全; 手部大部分时间太靠下显示不全; 时间较短; 时间较短; 时间较短
2026/2/2,082c,河南,0.0,0.02,1.4,0.02,1.4,0.0,0.0,100.0%,0.02,叠衣服,手部未漏全
2026/2/2,1af8,河南,0.0,0.52,31.4,0.03,1.7,29.7,0.5,5.41%,0.52,叠衣服,手部未露全
2026/2/2,1bd2,宁波,0.0,0.03,1.9,0.03,1.9,0.0,0.0,100.0%,0.03,叠衣服,脱下设备
2026/2/2,2180,邯郸,0.0,0.04,2.3,0.04,2.3,0.0,0.0,100.0%,0.04,叠衣服,脱下设备
2026/2/2,23dc,深圳,0.0,5.02,301.2,0.1,6.25,294.95,4.92,2.08%,5.02,整理鞋柜,未工作; 未工作; 未工作; 未工作; 手出画面; 未工作; 未工作; 未工作; 手部未漏全
2026/2/2,2a31,邯郸,6.25,6.22,373.3,1.18,70.95,302.35,5.04,19.01%,-0.03,用抹布擦拭碗盘,手出画面; 手出画面; 手部未漏全; 手出画面; 手部太靠下，显示不全; 手部未漏全; 未工作; 手部太靠下，显示不全; 手部未漏全；未工作; 手部未漏全; 手部未漏全; 手部未漏全; 手部未漏全; 未工作; 手部未漏全; 时长过短; 时间过短; 未工作
2026/2/2,3215,邯郸,0.0,0.02,1.4,0.02,1.4,0.0,0.0,100.0%,0.02,叠衣服,脱下设备
2026/2/2,5683,,0.0,0.03,2.0,0.03,2.0,0.0,0.0,100.0%,0.03,叠衣服,脱下设备
2026/2/2,63be,丰县,0.0,0.08,5.1,0.01,0.75,4.35,0.07,14.71%,0.08,叠衣服,未工作
2026/2/2,6a87,宁波,0.0,0.04,2.5,0.04,2.5,0.0,0.0,100.0%,0.04,叠衣服,手部未漏全
2026/2/2,8128,邯郸,5.0,5.12,307.1,0.42,25.2,281.9,4.7,8.21%,0.12,穿鞋带,手部未漏全; 手部未漏全; 手部未露全; 手部未露全; 手部未露全
2026/2/2,896a,邯郸,6.5,6.16,369.7,0.17,10.35,359.35,5.99,2.8%,-0.34,叠衣服,手部未漏全; 手出画面; 未工作; 时长过短; 未工作; 未工作; 手部未漏全; 未工作; 手部未漏全; 手部未漏全; 手部未漏全; 手部未漏全; 未工作; 手部未漏全
2026/2/2,b1e0,深圳,0.0,5.03,301.8,0.0,0.0,301.8,5.03,0.0%,5.03,整理零食、调料或玩具,
2026/2/2,b852,邯郸,5.25,0.56,33.8,0.0,0.0,33.8,0.56,0.0%,-4.69,书本收纳,
2026/2/2,d877,济宁,0.0,0.03,1.9,0.03,1.9,0.0,0.0,100.0%,0.03,叠衣服,脱下设备
2026/2/3,054b,,0.0,1.37,82.4,0.01,0.8,81.6,1.36,0.97%,1.37,书本收纳,脱下设备
2026/2/3,1ec0,济宁,0.0,0.03,1.6,0.03,1.6,0.0,0.0,100.0%,0.03,叠衣服,脱下设备
2026/2/3,23dc,深圳,5.0,5.03,301.7,0.17,10.15,291.55,4.86,3.36%,0.03,整理零食、调料或玩具,未工作; 时间较短; 未工作; 未工作; 工作时间较短; 有效时长过短; 未工作; 未工作; 未工作; 未工作; 未工作; 工作时间较短
2026/2/3,2a31,邯郸,6.0,5.89,353.2,1.01,60.5,292.7,4.88,17.13%,-0.11,穿鞋带,多只手; 多只手; 多只手; 多只手; 手未露全; 手部未漏全; 手未露全
2026/2/3,2f59,河南,0.0,0.01,0.8,0.01,0.8,0.0,0.0,100.0%,0.01,叠衣服,脱下设备
2026/2/3,3fff,丰县,0.0,0.03,1.6,0.03,1.6,0.0,0.0,100.0%,0.03,叠衣服,
2026/2/3,4f53,河南,0.0,0.02,0.9,0.02,0.9,0.0,0.0,100.0%,0.02,叠衣服,脱下设备
2026/2/3,7088,丰县,0.0,0.02,1.0,0.02,1.0,0.0,0.0,100.0%,0.02,叠衣服,脱下设备
2026/2/3,8128,邯郸,6.0,6.11,366.4,5.94,356.4,10.0,0.17,97.27%,0.11,叠衣服,手部太靠下，未露全; 手部太靠下，未露全; 手部太靠下，未露全; 手部太靠下，未露全; 手部太靠下，未露全; 手部太靠下，未露全; 手部太靠下，未露全; 手部太靠下，未露全; 手部太靠下，未露全; 手部未漏全; 手部太靠下，未露全; 手部未漏全; 手部太靠下，未露全; 手未露全; 手部太靠下，未露全; 手部未漏全; 手部未漏全; 手未露全; 手部未漏全; 手部太靠下，未露全; 手部太靠下，未露全; 手部未漏全; 手部太靠下，未露全; 手部太靠下，未露全; 手未露全; 手部未漏全; 手部未漏全; 手未露全; 手部太靠下，未露全; 手部未漏全; 手部太靠下，未露全; 手部太靠下，未露全; 手未露全; 手部太靠下，未露全; 手未露全; 手未露全; 手部未漏全; 手部频繁出画面; 手部太靠下，未露全; 手未露全; 手部频繁出画面; 手未露全; 手未露全; 手未露全
2026/2/3,896a,邯郸,6.0,6.01,360.4,0.19,11.5,348.9,5.82,3.19%,0.01,穿鞋带,未工作; 镜头被遮挡; 多只手
2026/2/3,b1e0,深圳,5.0,5.01,300.9,0.0,0.0,300.9,5.01,0.0%,0.01,整理鞋柜,
2026/2/3,b852,邯郸,5.5,4.59,275.4,0.23,14.0,261.4,4.36,5.08%,-0.91,用抹布擦拭碗盘,手未露全; 手未露全
2026/2/3,c192,丰县,0.0,0.02,1.0,0.02,1.0,0.0,0.0,100.0%,0.02,叠衣服,脱下设备
2026/2/3,d877,济宁,0.0,0.03,2.0,0.03,2.0,0.0,0.0,100.0%,0.03,叠衣服,脱下设备
2026/2/3,d8db,河南,3.0,0.17,10.0,0.17,10.0,0.0,0.0,100.0%,-2.83,叠衣服,手未露全
2026/2/4,054b,,0.0,0.31,18.4,0.0,0.0,18.4,0.31,0.0%,0.31,书本收纳,
2026/2/4,1bd2,宁波,0.0,0.06,3.3,0.0,0.0,3.3,0.06,0.0%,0.06,书本收纳,
2026/2/4,23dc,深圳,5.0,5.01,300.5,0.17,10.45,290.05,4.83,3.48%,0.01,整理洗漱用品,未工作; 时间过短; 未工作; 时间较短; 未工作; 未工作; 未工作; 未工作; 未工作; 未工作; 未工作; 未工作; 未工作; 未工作; 多只手; 未工作
2026/2/4,2a31,邯郸,5.0,5.13,308.0,0.02,1.5,306.5,5.11,0.49%,0.13,药箱收纳,未工作; 时间较短
2026/2/4,2a8f,宁波,0.0,1.02,61.1,0.05,3.25,57.85,0.96,5.32%,1.02,叠衣服 ,未工作; 未工作; 未工作; 时间较短
2026/2/4,370a,,0.0,2.12,127.4,0.0,0.0,127.4,2.12,0.0%,2.12,书本收纳,
2026/2/4,47c5,邯郸,7.0,6.9,413.9,0.26,15.45,398.45,6.64,3.73%,-0.1,用抹布擦拭碗盘,时间较短; 工作时间较短; 未工作; 未工作; 手部未漏全; 未工作; 未工作; 时间过短
2026/2/4,63be,丰县,0.0,0.09,5.3,0.09,5.3,0.0,0.0,100.0%,0.09,整理文件,多只手
2026/2/4,8128,邯郸,5.0,5.05,302.9,0.3,17.7,285.2,4.75,5.84%,0.05,整理文件,时间较短; 时间较短; 多只手; 多只手; 多只手; 时间较短; 手部未漏全; 手部未漏全
2026/2/4,af7f,济宁,0.0,0.02,1.0,0.02,1.0,0.0,0.0,100.0%,0.02,叠衣服,脱下设备
2026/2/4,b1e0,深圳,5.0,5.0,299.8,0.04,2.4,297.4,4.96,0.8%,0.0,整理洗漱用品,时间较短; 时间较短; 时间较短
2026/2/5,054b,,0.0,2.02,121.4,0.03,2.0,119.4,1.99,1.65%,2.02,整理零食、调料或玩具,手部未漏全
2026/2/5,0af6,丰县,4.68,2.84,170.5,0.52,31.5,139.0,2.32,18.48%,-1.84,叠衣服,未工作; 手部未漏全; 手部未漏全; 多只手; 手部未漏全
2026/2/5,23dc,深圳,5.0,5.03,301.9,0.02,1.5,300.4,5.01,0.5%,0.03,整理碗筷,未工作; 未工作; 未工作; 未工作
2026/2/5,2a8f,宁波,6.0,11.01,660.5,5.37,322.0,338.5,5.64,48.75%,5.01,叠衣服,未工作; 未工作; 未工作; 未工作; 未工作; 未工作; 未工作; 未工作; 未工作; 未工作; 未工作 ; 未工作 ; 未工作; 未工作; 未工作; 未工作; 未工作; 未工作; 未工作; 未工作; 脱下设备; 脱下设备; 脱下设备; 脱下设备; 脱下设备; 脱下设备; 脱下设备; 脱下设备; 脱下设备; 脱下设备; 脱下设备; 脱下设备; 脱下设备; 脱下设备; 脱下设备; 脱下设备; 脱下设备; 脱下设备; 脱下设备; 脱下设备; 脱下设备; 脱下设备; 脱下设备; 脱下设备; 脱下设备; 脱下设备; 脱下设备; 脱下设备; 脱下设备; 脱下设备
2026/2/5,33aa,济宁,0.0,0.02,1.1,0.02,1.1,0.0,0.0,100.0%,0.02,叠衣服,脱下设备
2026/2/5,63be,丰县,0.0,0.65,39.3,0.03,1.75,37.55,0.63,4.45%,0.65,叠衣服,未工作; 未工作
2026/2/5,6a87,宁波,3.0,0.24,14.3,0.14,8.7,5.6,0.09,60.84%,-2.76,书本收纳,脱下设备
2026/2/5,b1e0,深圳,5.0,5.0,300.3,0.0,0.0,300.3,5.0,0.0%,0.0,用抹布擦拭碗盘,
2026/2/5,d8db,河南,5.0,0.04,2.5,0.0,0.0,2.5,0.04,0.0%,-4.96,穿鞋带,
2026/2/6,02b5,邯郸,7.77,8.6,515.7,0.28,16.9,498.8,8.31,3.28%,0.83,用抹布擦拭碗盘,未工作; 未工作; 工作时间较短; 手部出画; 未工作; 未工作; 未工作; 未工作
2026/2/6,0af6,丰县,5.4,5.4,324.0,1.53,91.8,232.2,3.87,28.33%,0.0,用抹布擦拭碗盘,未工作; 手部出画; 手部出画; 手部出画; 手部出画; 手部出画; 手部出画; 手部出画; 多只手; 手部未露全; 手出画面 有多只手; 多只手; 手部未露全; 手部未露全
2026/2/6,1af8,河南,0.0,3.87,232.2,1.68,100.72,131.48,2.19,43.38%,3.87,叠衣服,手部出画; 手部未露全; 手部未露全; 脱下设备; 手部未露全; 手部出画; 手部未露全; 脱下设备; 时间较短; 手部出画; 手部出画; 脱下设备; 多只手; 多只手
2026/2/6,2180,邯郸,5.05,5.08,304.6,0.0,0.0,304.6,5.08,0.0%,0.03,穿鞋带,
2026/2/6,23dc,深圳,0.0,5.02,301.2,0.02,1.0,300.2,5.0,0.33%,5.02,用抹布擦拭碗盘,工作时间较短
2026/2/6,27cc,,0.0,0.44,26.5,0.02,1.0,25.5,0.42,3.77%,0.44,叠衣服,脱下设备
2026/2/6,2a8f,宁波,6.25,6.0,360.2,1.59,95.55,264.65,4.41,26.53%,-0.25,穿鞋带,未工作; 未工作; 未工作; 未工作; 未工作; 未工作; 未工作; 未工作; 未工作; 工作时间较短; 手部出画; 未工作; 未工作; 手未露全 未工作; 手未露全 未工作; 未工作; 未工作; 手未露全 未工作; 未工作; 未工作; 未工作; 手部出画; 未工作 手部出画; 未工作; 未工作 手部出画
2026/2/6,2d1c,丰县,0.0,2.4,144.0,2.4,144.0,0.0,0.0,100.0%,2.4,叠衣服,手未露全; 手未露全; 手未露全; 手部未露全; 手未露全; 手部出画面; 手太偏下，动作幅度大出画面; 手部出画; 手部未露全; 手未露全; 手太偏下，动作幅度大出画面; 手部未露全; 手部出画; 手未露全; 手未露全; 多只手; 手部出画; 手部出画
2026/2/6,3215,邯郸,6.37,6.5,390.1,0.37,22.3,367.8,6.13,5.72%,0.13,书本收纳,手部出画; 手部出画; 有效时长过低; 画面中有多只手
2026/2/6,47c5,邯郸,6.87,6.95,416.9,0.22,13.24,403.66,6.73,3.18%,0.08,药箱收纳,工作时间较短; 手部出画; 手部出画; 手部出画; 手部出画; 手部出画; 手部出画; 手部出画; 未工作
2026/2/6,63be,丰县,2.6,2.61,156.7,0.57,34.09,122.61,2.04,21.75%,0.01,书本收纳,未工作; 镜头模糊; 镜头模糊; 镜头模糊; 手部出画; 手部出画; 画面中有多只手
2026/2/6,6a87,宁波,1.75,1.67,100.2,0.0,0.0,100.2,1.67,0.0%,-0.08,穿鞋带,
2026/2/6,7f1a,邯郸,6.43,6.44,386.1,0.0,0.0,386.1,6.44,0.0%,0.01,用抹布擦拭碗盘,
2026/2/6,896a,邯郸,6.27,6.24,374.7,0.22,13.38,361.32,6.02,3.57%,-0.03,药箱收纳,未工作; 未工作; 手部出画; 未工作; 工作时间较短; 时间较短
2026/2/6,98a7,丰县,3.18,3.18,191.1,0.5,30.0,161.1,2.68,15.7%,0.0,叠衣服,手部出画; 手部出画; 手部出画
2026/2/6,9921,丰县,5.0,5.03,301.5,0.0,0.0,301.5,5.03,0.0%,0.03,书本收纳,
2026/2/6,b1e0,深圳,0.0,5.03,301.5,0.34,20.27,281.23,4.69,6.72%,5.03,整理碗筷,时间较短; 手部出画; 手部出画; 手部出画; 手部出画; 手部出画; 手部出画
2026/2/6,b852,邯郸,2.17,0.47,28.3,0.0,0.0,28.3,0.47,0.0%,-1.7,整理文件,
2026/2/6,c192,丰县,0.0,2.01,120.4,0.0,0.0,120.4,2.01,0.0%,2.01,整理文件,
2026/2/6,c9ba,邯郸,6.3,6.28,377.1,0.05,2.75,374.35,6.24,0.73%,-0.02,穿鞋带,未工作
2026/2/6,d8db,河南,0.0,0.88,53.1,0.38,23.03,30.07,0.5,43.37%,0.88,书本收纳,手部动作没变化; 手部出画; 手部未露全; 手部出画
2026/2/6,de32,宁波,2.75,2.73,163.6,1.02,61.3,102.3,1.7,37.47%,-0.02,书本收纳,未工作; 频闪严重; 屏闪严重; 频闪严重; 频闪严重; 频闪严重; 频闪严重; 频闪严重
2026/2/6,fc2a,,0.0,0.6,35.7,0.02,1.1,34.6,0.58,3.08%,0.6,叠衣服,未佩戴
2026/2/7,02b5,邯郸,5.97,5.11,306.7,0.39,23.45,283.25,4.72,7.65%,-0.86,用抹布擦拭碗盘,手部未露全; 手部未露全; 手部未露全; 多只手; 多只手
2026/2/7,0af6,丰县,5.0,5.02,301.0,1.27,76.3,224.7,3.74,25.35%,0.02,书本收纳,手部出画; 手部出画; 手部出画; 手部出画; 手部出画; 手部未露全; 手部出画; 手部出画; 手部未露全
2026/2/7,2180,邯郸,5.25,5.24,314.6,0.2,11.9,302.7,5.04,3.78%,-0.01,叠衣服,时间较短; 手部出画; 时间较短
2026/2/7,2a31,邯郸,4.42,0.54,32.2,0.0,0.0,32.2,0.54,0.0%,-3.88,整理文件,
2026/2/7,2a8f,宁波,0.0,5.48,328.7,0.93,55.97,272.73,4.55,17.03%,5.48,整理书籍,未工作; 手部出画; 未工作; 未工作; 未工作; 未工作; 未工作; 手部出画; 未工作; 未佩戴; 脱下设备; 脱下设备
2026/2/7,2d1c,丰县,2.31,2.56,153.3,2.56,153.3,0.0,0.0,100.0%,0.25,叠衣服,手部未露全; 手未露全; 手部出画; 手部出画; 手部出画; 手未露全; 手部出画; 手部出画; 手部出画; 手未露全; 手部未露全; 手部出画; 手部未露全; 手部未露全; 手未露全; 手部出画面; 手部未露全; 手未露全; 手未露全
2026/2/7,2f59,河南,0.0,4.8,288.2,0.4,23.93,264.27,4.4,8.3%,4.8,叠衣服,手部出画; 手部出画; 脱下设备; 脱下设备; 脱下设备; 脱下设备; 未工作
2026/2/7,3215,邯郸,6.5,6.35,380.9,0.38,23.01,357.89,5.96,6.04%,-0.15,穿鞋带,手部出画; 手部出画; 手部出画; 手部出画; 手部出画; 手部出画; 手部出画; 时间较短; 手部出画; 手部出画
2026/2/7,47c5,邯郸,6.08,5.84,350.2,0.45,26.88,323.32,5.39,7.68%,-0.24,药箱收纳,未工作; 未工作; 画面中有多只手; 画面中有多只手; 画面中有多只手; 画面中有多只手; 未工作; 多只手; 未工作; 未工作
2026/2/7,4f53,河南,0.0,4.57,274.4,0.01,0.5,273.9,4.56,0.18%,4.57,穿鞋带,未工作
2026/2/7,63be,丰县,2.4,2.43,145.9,0.01,0.7,145.2,2.42,0.48%,0.03,书本收纳,时间较短
2026/2/7,896a,邯郸,5.2,5.19,311.5,0.18,10.65,300.85,5.01,3.42%,-0.01,收拾桌面,手部出画; 画面旁有多只手; 手部出画
2026/2/7,98a7,丰县,2.6,2.6,156.2,0.51,30.32,125.88,2.1,19.41%,0.0,叠衣服,手部出画; 手部出画; 画面旁有多只手; 未工作; 画面中有多只手; 多只手
2026/2/7,9921,丰县,5.0,5.06,303.3,0.0,0.0,303.3,5.06,0.0%,0.06,用抹布擦拭碗盘,
2026/2/7,c192,丰县,3.0,3.04,182.3,0.01,0.75,181.55,3.03,0.41%,0.04,整理文件,未工作
2026/2/7,c9ba,邯郸,6.02,5.94,356.6,0.2,11.75,344.85,5.75,3.3%,-0.08,叠衣服,手部出画; 未工作
2026/2/7,d8db,河南,0.0,0.17,10.0,0.0,0.0,10.0,0.17,0.0%,0.17,收拾桌面,
2026/2/8,02b5,邯郸,5.73,5.73,344.0,0.36,21.55,322.45,5.37,6.26%,0.0,穿鞋带,画面旁有多只手; 多只手; 画面中有多只手; 多只手; 画面中有多只手; 画面中有多只手; 1.10-3.00画面旁有多只手; 多只手
2026/2/8,0af6,丰县,5.0,5.12,307.2,0.09,5.5,301.7,5.03,1.79%,0.12,整理文件,手有时出镜几秒; 手部出画
2026/2/8,2180,邯郸,0.0,6.18,371.0,1.85,111.2,259.8,4.33,29.97%,6.18,收拾桌面,时间较短; 画面旁有多只手; 多只手; 画面中有多只手; 画面中有多只手; 多只手; 多只手; 画面中有多只手; 多只手; 画面中有多只手; 多只手; 画面中有多只手; 多只手; 多只手; 多只手; 多只手; 多只手; 多只手
2026/2/8,22ad,河南,5.31,0.17,10.0,0.0,0.0,10.0,0.17,0.0%,-5.14,叠衣服,
2026/2/8,2d1c,丰县,2.55,2.33,139.5,0.08,4.93,134.57,2.24,3.53%,-0.22,药箱收纳,画面旁有多只手; 画面中有多只手; 多只手; 画面旁有多只手; 画面旁有多只手; 画面旁有多只手
2026/2/8,2f59,河南,0.0,5.18,311.1,0.01,0.75,310.35,5.17,0.24%,5.18,叠衣服,未工作
2026/2/8,3215,邯郸,0.0,2.94,176.7,0.0,0.0,176.7,2.94,0.0%,2.94,用抹布擦拭碗盘,
2026/2/8,47c5,邯郸,5.88,5.88,353.0,0.17,10.02,342.98,5.72,2.84%,0.0,穿鞋带,任务完成脱下设备; 手部出画; 画面中有多只手
2026/2/8,4aa8,丰县,0.0,0.11,6.5,0.11,6.5,0.0,0.0,100.0%,0.11,整理文件,多只手; 多只手
2026/2/8,4f53,河南,5.18,5.32,319.1,0.05,2.75,316.35,5.27,0.86%,0.14,叠衣服,多只手; 未工作; 未工作
2026/2/8,5242,宁波,0.0,2.16,129.8,0.03,1.74,128.06,2.13,1.34%,2.16,穿鞋带,未工作; 未工作
2026/2/8,63be,丰县,3.0,3.05,183.1,0.0,0.0,183.1,3.05,0.0%,0.05,整理文件,
2026/2/8,8128,邯郸,6.93,6.92,415.2,0.23,13.9,401.3,6.69,3.35%,-0.01,药箱收纳,未工作; 未工作; 未工作; 画面旁有多只手; 画面中有多只手; 画面中有多只手; 画面旁有多只手; 画面旁有多只手; 画面旁有多只手; 画面旁有多只手; 画面旁有多只手
2026/2/8,896a,邯郸,5.3,5.29,317.5,0.64,38.4,279.1,4.65,12.09%,-0.01,整理文件,手未露全; 手未露全; 向下视角手未露全; 向下视角手未露全; 手部出画
2026/2/8,98a7,丰县,4.36,4.38,262.6,0.23,13.64,248.96,4.15,5.19%,0.02,用抹布擦拭碗盘,画面旁有多只手; 画面旁有多只手; 画面旁有多只手; 0.00-6.40画面旁有多只手; 画面旁有多只手; 画面旁有多只手; 画面旁有多只手; 画面旁有多只手; 多只手; 多只手; 画面旁有多只手; 画面旁有多只手
2026/2/8,9921,丰县,5.0,5.06,303.9,0.13,8.1,295.8,4.93,2.67%,0.06,叠衣服,手部出画; 手部出画
2026/2/8,c9ba,邯郸,5.77,5.74,344.6,0.1,6.02,338.58,5.64,1.75%,-0.03,书本收纳,未工作; 向下视角手未露全; 工作时间较短; 未工作; 未工作
2026/2/8,d8db,河南,0.0,0.02,1.3,0.0,0.0,1.3,0.02,0.0%,0.02,收拾桌面,
2026/2/8,de32,宁波,0.0,1.14,68.4,0.0,0.0,68.4,1.14,0.0%,1.14,叠衣服,
2026/2/9,02b5,邯郸,5.5,5.35,320.8,0.14,8.7,312.1,5.2,2.71%,-0.15,药箱收纳,手部未露全; 未工作
2026/2/9,0af6,丰县,3.97,3.97,238.3,0.0,0.0,238.3,3.97,0.0%,0.0,收拾桌面,
2026/2/9,2a31,邯郸,5.15,5.15,308.8,1.67,100.05,208.75,3.48,32.4%,0.0,书本收纳,未工作; 未工作; 未工作; 手部未露全; 手部未露全; 脸部露出 手部出画面; 手部未露全; 未工作; 脸部露出 手部出画面; 手部未露全; 手部未漏全; 手太偏下了，经常出画面; 手太偏下了，经常出画面; 手部未露全; 手部未露全; 手部未露全; 手部未漏全; 手未露全; 手部未露全
2026/2/9,2a8f,宁波,0.0,6.06,363.5,0.51,30.8,332.7,5.54,8.47%,6.06,整理零食、调料或玩具,未工作; 未工作; 使用手机; 未工作; 未工作; 未工作; 未工作; 使用手机; 未工作; 未工作; 未工作; 未工作; 未工作; 脱下设备
2026/2/9,2f59,河南,5.8,5.11,306.8,0.06,3.55,303.25,5.05,1.16%,-0.69,整理耳机线/数据线,手部未漏全; 未佩戴
2026/2/9,3215,邯郸,4.15,2.66,159.5,0.0,0.0,159.5,2.66,0.0%,-1.49,穿鞋带,
2026/2/9,4f53,河南,5.9,5.13,307.9,0.4,23.85,284.05,4.73,7.75%,-0.77,电池安装,多只手; 多只手; 多只手，轻微屏闪; 轻微频闪; 轻微频闪; 轻微频闪; 轻微屏闪; 轻微屏闪; 多只手; 轻微屏闪; 轻微频闪; 轻微频闪; 轻微频闪; 轻微频闪; 轻微屏闪; 轻微屏闪
2026/2/9,5242,宁波,1.15,1.95,116.8,0.09,5.5,111.3,1.86,4.71%,0.8,书本收纳,未工作
2026/2/9,63be,丰县,6.99,7.04,422.4,0.0,0.0,422.4,7.04,0.0%,0.05,整理文件,
2026/2/9,6a87,宁波,0.0,2.19,131.3,1.18,71.0,60.3,1.0,54.07%,2.19,收拾桌面,拖下设备; 设备未关闭; 脱下设备; 未佩戴; 拖下设备; 设备未关闭; 脱下设备; 设备未关闭
2026/2/9,8128,邯郸,6.5,6.53,391.9,0.77,46.4,345.5,5.76,11.84%,0.03,收拾桌面,未工作; 未工作; 未工作; 未工作; 未工作; 未工作; 2.50; 工作时间较短; 未工作; 工作时间较少; 未工作; 未工作; 未工作; 未工作; 多只手；未工作; 工作时间较少; 未工作; 未工作; 未工作; 未工作; 多只手; 未工作
2026/2/9,98a7,丰县,4.86,4.89,293.5,0.78,46.8,246.7,4.11,15.95%,0.03,书本收纳,多只手; 多只手; 多只手; 多只手; 多只手
2026/2/9,b1e0,深圳,0.0,2.66,159.3,0.0,0.0,159.3,2.66,0.0%,2.66,整理袜子,
2026/2/9,c192,丰县,5.1,5.1,305.7,0.62,37.5,268.2,4.47,12.27%,0.0,叠衣服,视频罗致过短，手深处画面; 手未露全; 手部未漏全; 手未露全; 脸部露出 手部出画面; 手部阶段性深处画面; 手部深处画面
2026/2/9,c9ba,邯郸,7.15,3.55,213.2,0.33,20.0,193.2,3.22,9.38%,-3.6,用抹布擦拭碗盘,多只手; 多只手
2026/2/10,02b5,邯郸,5.75,5.76,345.6,0.0,0.0,345.6,5.76,0.0%,0.01,药箱收纳,
2026/2/10,0af6,丰县,5.08,5.08,304.7,0.0,0.0,304.7,5.08,0.0%,0.0,药箱收纳,
2026/2/10,2180,邯郸,5.75,5.58,334.9,0.0,0.0,334.9,5.58,0.0%,-0.17,用抹布擦拭碗盘,
2026/2/10,2a8f,宁波,5.0,5.02,301.2,0.63,37.75,263.45,4.39,12.53%,0.02,用抹布擦拭碗盘,未工作; 未工作; 未工作; 未工作; 未工作; 未工作; 未工作; 未工作; 未工作; 未工作; 未工作; 未工作; 未工作; 未工作; 未工作; 未工作; 未工作
2026/2/10,2d1c,丰县,2.13,2.14,128.6,0.01,0.7,127.9,2.13,0.54%,0.01,用抹布擦拭碗盘,时间较短
2026/2/10,2f59,河南,5.7,1.95,117.2,0.0,0.0,117.2,1.95,0.0%,-3.75,电池安装,
2026/2/10,3fff,丰县,5.25,1.17,70.0,0.0,0.0,70.0,1.17,0.0%,-4.08,药箱收纳,
2026/2/10,4aa8,丰县,4.66,0.01,0.6,0.01,0.6,0.0,0.0,100.0%,-4.65,药箱收纳,未工作
2026/2/10,4f53,河南,10.7,1.17,70.0,0.0,0.0,70.0,1.17,0.0%,-9.53,药箱收纳,
2026/2/10,63be,丰县,5.0,0.7,41.9,0.0,0.0,41.9,0.7,0.0%,-4.3,叠衣服,
2026/2/10,6a87,宁波,1.0,0.72,43.4,0.0,0.0,43.4,0.72,0.0%,-0.28,穿鞋带,
2026/2/10,6ea2,丰县,5.0,2.17,130.1,0.02,1.0,129.1,2.15,0.77%,-2.83,整理零食、调料或玩具,未工作; 未工作
2026/2/10,98a7,丰县,2.8,5.31,318.6,0.08,5.0,313.6,5.23,1.57%,2.51,整理文件,未工作; 未工作; 未工作
2026/2/10,9921,丰县,5.0,5.04,302.4,0.0,0.0,302.4,5.04,0.0%,0.04,整理文件,
2026/2/10,b1e0,深圳,0.0,4.78,287.1,0.0,0.0,287.1,4.78,0.0%,4.78,折叠购物袋,
2026/2/10,c192,丰县,5.0,5.04,302.1,0.0,0.0,302.1,5.04,0.0%,0.04,药箱收纳,
2026/2/10,c9ba,邯郸,6.25,6.24,374.6,0.0,0.0,374.6,6.24,0.0%,-0.01,整理文件,
2026/2/10,d877,济宁,5.4,0.09,5.3,0.09,5.3,0.0,0.0,100.0%,-5.31,整理袜子,手部未露全
2026/2/11,0af6,丰县,5.0,5.03,301.5,0.0,0.0,301.5,5.03,0.0%,0.03,电池安装,
2026/2/11,1ec0,济宁,6.24,1.17,70.2,0.0,0.0,70.2,1.17,0.0%,-5.07,整理文件,
2026/2/11,2a8f,宁波,0.0,3.52,211.3,0.67,40.35,170.95,2.85,19.1%,3.52,用抹布擦拭碗盘,未工作; 未工作; 未工作; 未工作; 干与工作无关的事情; 未工作; 未工作; 未工作; 脱下设备
2026/2/11,4aa8,丰县,4.9,4.47,268.5,0.8,47.7,220.8,3.68,17.77%,-0.43,整理零食、调料或玩具,未工作; 未工作; 未工作; 手部经常出画面; 手部经常出画面; 手部经常出画面; 手部经常出画面; 未工作; 全程未工作; 未工作
2026/2/11,4f53,河南,8.53,8.86,531.6,0.16,9.8,521.8,8.7,1.84%,0.33,用抹布擦拭碗盘,手部未漏全
2026/2/11,5242,宁波,3.5,3.46,207.7,0.01,0.7,207.0,3.45,0.34%,-0.04,叠衣服,未工作
2026/2/11,63be,丰县,5.0,5.0,300.2,0.01,0.7,299.5,4.99,0.23%,0.0,收拾桌面,时间较短
2026/2/11,6a87,宁波,2.0,0.14,8.5,0.0,0.0,8.5,0.14,0.0%,-1.86,叠衣服,
2026/2/11,7088,丰县,5.06,2.01,120.7,1.05,63.0,57.7,0.96,52.2%,-3.05,药箱收纳,手部未漏全2; 手部未露全; 手部未露全; 未工作; 手部未露全; 手部未漏全; 手部未漏全
2026/2/11,98a7,丰县,4.6,3.7,222.0,0.0,0.0,222.0,3.7,0.0%,-0.9,整理文件,
2026/2/11,9921,丰县,5.0,5.04,302.5,0.0,0.0,302.5,5.04,0.0%,0.04,药箱收纳,
2026/2/11,abe0,,0.0,0.02,1.3,0.02,1.3,0.0,0.0,100.0%,0.02,收拾桌面,多只手
2026/2/11,c192,丰县,5.0,5.08,305.1,0.01,0.8,304.3,5.07,0.26%,0.08,用抹布擦拭碗盘,时间较短
2026/2/11,d877,济宁,5.0,0.75,44.8,0.02,1.5,43.3,0.72,3.35%,-4.25,整理袜子,未工作; 未工作; 未工作; 未工作
2026/2/11,f20e,济宁,0.0,4.14,248.3,0.02,1.0,247.3,4.12,0.4%,4.14,用抹布擦拭碗盘,未工作
2026/2/12,082c,河南,0.0,2.33,140.0,1.0,60.0,80.0,1.33,42.86%,2.33,药箱收纳,手部频繁出画面; 手部频繁出画面; 手部未露全; 手部频繁出画面; 手部未露全; 手部频繁出画面
2026/2/12,0af6,丰县,5.45,2.45,147.0,0.0,0.0,147.0,2.45,0.0%,-3.0,整理碗筷,
2026/2/12,1af8,河南,10.44,5.07,304.0,0.12,7.0,297.0,4.95,2.3%,-5.37,穿鞋带,多只手
2026/2/12,1ec0,济宁,5.5,5.07,304.1,0.01,0.5,303.6,5.06,0.16%,-0.43,整理袜子,未工作
2026/2/12,2a8f,宁波,0.0,5.02,301.3,0.59,35.3,266.0,4.43,11.72%,5.02,整理洗漱用品,未工作; 未工作; 未工作; 工作时间较短; 未工作; 未工作; 工作时间较短; 工作时间较短; 未工作; 未工作; 未工作; 未工作
2026/2/12,4aa8,丰县,5.18,5.18,310.6,0.18,11.0,299.6,4.99,3.54%,0.0,整理零食、调料或玩具,未工作; 手部未露全
2026/2/12,4f53,河南,12.46,6.38,382.6,0.0,0.0,382.6,6.38,0.0%,-6.08,整理碗筷,
2026/2/12,5242,宁波,3.0,3.09,185.4,0.0,0.0,185.4,3.09,0.0%,0.09,叠衣服,
2026/2/12,63be,丰县,2.5,5.03,302.0,0.0,0.0,302.0,5.03,0.0%,2.53,药箱收纳,
2026/2/12,6ea2,丰县,5.16,5.11,306.9,1.01,60.5,246.4,4.11,19.71%,-0.05,整理洗漱用品,手部为露全; 工作时间较短; 手部为露全; 手部为露全; 手部未漏全; 手部为露全; 手部为露全; 手部未漏全; 手部未漏全
2026/2/12,7088,丰县,5.17,5.16,309.9,0.86,51.4,258.5,4.31,16.59%,-0.01,叠衣服,未工作; 手部未露全; 未工作; 手部未露全; 手部未露全; 手部未露全; 手部未露全; 未工作
2026/2/12,9921,丰县,5.0,5.01,300.6,0.0,0.0,300.6,5.01,0.0%,0.01,电池安装,
2026/2/12,abe0,,0.0,0.06,3.5,0.01,0.5,3.0,0.05,14.29%,0.06,收拾桌面,时间2较短
2026/2/12,c192,丰县,5.0,2.49,149.7,0.0,0.0,149.7,2.49,0.0%,-2.51,电池安装,
2026/2/12,d877,济宁,5.4,5.05,303.2,2.82,169.3,133.9,2.23,55.84%,-0.35,整理文件,手部未露全; 手部未露全; 手部未露全; 手部未露全; 手部未露全; 手部未露全; 手部未露全; 手部未露全; 手部未露全; 手部未露全; 手部未露全; 手部未露全; 手部未露全; 手部未露全; 手部未漏全2; 手部未露全; 手部未露全; 手部未露全; 手部未漏全; 手部未露全; 手部未漏全; 手部未露全; 手部未露全; 手部未露全; 手部未露全
2026/2/13,082c,河南,0.0,5.1,306.1,2.89,173.5,132.6,2.21,56.68%,5.1,整理袜子,手出画面; 手出画面; 手部出画; 手部出画; 手出画面; 手部出画; 手部出画; 手部出画; 手部出画; 手部出画; 手出画面; 手出画面; 手出画面; 手出画面; 手出画面; 手部出画; 手出画面; 手出画面; 手部频繁出画面
2026/2/13,1af8,河南,8.0,8.07,484.2,0.88,52.8,431.4,7.19,10.9%,0.07,擦拭桌面小摆件,手部未漏全; 手部未漏全; 画面出现多只手; 画面旁有多只手; 画面出现多只手; 画面出现多只手; 画面出现多只手; 手部出画; 手出画面; 手部出画; 画面出现多只手
2026/2/13,1ec0,济宁,7.33,7.54,452.2,3.09,185.65,266.55,4.44,41.05%,0.21,用抹布擦拭碗盘,手部出画; 手出画面; 手部出画; 手部出画; 手部出画; 手出画面; 手出画面; 手部出画; 手部出画; 手部出画; 手部出画; 手部出画; 手部出画; 手部出画; 手部出画; 手出画面; 手出画面; 手部出画; 手部出画; 手部出画; 手部出画; 手部出画; 手部出画; 手部出画; 手出画面; 手部出画; 手部出画; 手出画面; 手出画面; 手出画面
2026/2/13,2d1c,丰县,1.7,1.7,102.2,0.0,0.0,102.2,1.7,0.0%,0.0,书本收纳,
2026/2/13,3fff,丰县,5.3,4.88,292.7,3.21,192.7,100.0,1.67,65.84%,-0.42,整理洗漱用品,无效操作时间过长; 无效操作时间过长; 无效操作时间过长; 无效操作时间过长; 无效操作时间过长; 无效操作时间过长; 无效操作时间过长; 无效操作时间过长; 无效操作时间过长 手部出画; 无效操作时间过长; 无效操作时间过长; 无效操作时间过长; 无效操作时间过长; 无效操作时间过长; 无效操作时间过长; 无效操作时间过长; 无效操作时间过长; 无效操作时间过长
2026/2/13,4aa8,丰县,0.0,5.11,306.9,0.04,2.3,304.6,5.08,0.75%,5.11,叠衣服,无意义动作; 未工作
2026/2/13,4f53,河南,5.0,5.05,303.1,0.0,0.0,303.1,5.05,0.0%,0.05,分类坚果/豆子,
2026/2/13,5242,宁波,0.0,0.91,54.5,0.0,0.0,54.5,0.91,0.0%,0.91,叠衣服,
2026/2/13,63be,丰县,2.3,2.28,136.5,0.79,47.17,89.33,1.49,34.56%,-0.02,电池安装,大部分时间在卸电池; 无意义动作; 拆卸电池; 与任务流程不符; 无效时间过长; 与任务流程不符; 拆卸电池
2026/2/13,6ea2,丰县,5.16,5.18,310.5,4.08,245.1,65.4,1.09,78.94%,0.02,药箱收纳,手部频繁出框; 手部频繁出框; 手部频繁出框; 手部未漏全; 手出画面; 手部未漏全; 手出画面; 手出画面; 手部未漏全; 手出画面; 手出画面; 手部频繁出框; 手部未漏全; 手部频繁出框; 手部出画; 手部频繁出框; 手部未漏全; 手部频繁出框; 手部频繁出框; 手部频繁出框; 手部未漏全; 手出画面; 手部频繁出框; 手部未漏全; 手部出画; 手部频繁出框; 手部频繁出框; 手部未漏全; 手部未漏全
2026/2/13,7088,丰县,0.0,5.15,309.1,4.34,260.3,48.8,0.81,84.21%,5.15,整理零食、调料或玩具,无意义动作过多; 无意义动作过多; 不符合任务要求（无效动作过长）; 无意义动作过多; 不符合任务要求（无效动作过长）; 不符合任务要求（无效动作过长）; 不符合任务要求（无效动作过长）; 无效操作时间过长; 无效操作时间过长; 无意义动作过多; 无意义动作过多; 不符合任务要求（无效动作过长）; 不符合任务要求（无效动作过长）; 未工作; 无效操作时间过长; 无意义动作过多; 无意义动作过多; 无意义动作过多; 无意义动作过多; 无意义动作过多; 不符合任务要求（无效动作过长）; 无意义动作过多; 不符合任务要求（无效动作过长）; 不符合任务要求（无效动作过长）; 无意义动作过多; 无意义动作过多; 不符合任务要求（无效动作过长）; 不符合任务要求（无效动作过长）; 无效操作时间过长
2026/2/13,98a7,丰县,3.05,3.04,182.6,0.59,35.3,147.3,2.46,19.33%,-0.01,电池安装,多余动作; 无效时间过长; 无意义动作过多; 无效时间过长
2026/2/13,abe0,,0.0,0.19,11.7,0.0,0.0,11.7,0.19,0.0%,0.19,书本收纳,
2026/2/13,d877,济宁,5.6,5.38,322.7,4.02,241.15,81.55,1.36,74.73%,-0.22,书本收纳,未工作; 无关操作时间过长; 无意义动作过多，手出画面; 无意义动作过多，手出画面; 无意义动作过多; 与任务描述不符; 手部出画  无关操作时间过长; 手部出画 无关操作时间过长; 手出画面; 与任务描述不符; 手部出画; 无关操作时间过长; 未工作; 画面旁有多只手; 画面旁有多只手; 画面旁有多只手; 时长过短; 与任务描述不符; 手部出画; 手出画面;  手部出画 画面旁有多只手; 与任务描述不符; 与任务描述不符; 画面旁有多只手; 手出画面; 与任务描述不符; 手部出画; 手出画面; 手部出画 无关操作时间过长; 与任务描述不符; 手部出画 无关操作时间过长; 与任务描述不符; 手出画面; 与任务描述不符; 无意义动作过多，手出画面; 画面旁有多只手; 手部出画; 手部出画; 手部出画
2026/2/13,f20e,济宁,5.1,5.16,309.9,0.0,0.0,309.9,5.16,0.0%,0.06,整理袜子,
2026/2/14,082c,河南,0.0,6.11,366.5,5.8,347.95,18.55,0.31,94.94%,6.11,分类坚果/豆子,手部出画; 手出画面; 手部频繁出画面; 手部频繁出框; 手部频繁出框; 手部频繁出画面; 手部频繁出框; 手部未漏全; 手部未漏全; 手出画面; 手部未漏全; 手部未漏全; 手出画面; 手部频繁出框; 手部未漏全; 手部出画; 手部频繁出框; 手部出画; 手部频繁出框; 手部频繁出框; 手部未漏全; 手部未漏全; 手出画面; 手部频繁出画面; 手出画面; 手出画面; 手部出画; 手出画面，单手操作; 手出画面; 手部频繁出画面; 手部频繁出画面; 手部未漏全; 手出画面; 手部频繁出框; 手出画面; 手部频繁出画面; 手部频繁出画面; 手部出画 画面中有多只手; 手部出画; 设备佩戴问题; 手部频繁出画面; 手部出画; 手部出画
2026/2/14,1af8,河南,2.02,2.04,122.7,0.0,0.0,122.7,2.04,0.0%,0.02,药箱收纳,
2026/2/14,1ec0,济宁,2.12,2.92,175.3,0.59,35.4,139.9,2.33,20.19%,0.8,叠衣服,手部出画; 手部出画; 手部出画; 手出画面; 手出画面; 手出画面
2026/2/14,2a8f,宁波,0.0,3.51,210.3,0.41,24.75,185.55,3.09,11.77%,3.51,药箱收纳,无意义动作; 无意义动作过多; 手部出画; 无意义动作过多，玩手机
2026/2/14,2d1c,丰县,2.4,2.41,144.8,0.0,0.0,144.8,2.41,0.0%,0.01,穿鞋带,
2026/2/14,3fff,丰县,5.0,5.01,300.4,4.47,268.25,32.15,0.54,89.3%,0.01,电池安装,手出画面; 无意义动作过多; 无效时间过长; 无效时间过长; 与任务描述不符; 无效操作时间过长; 手出画面; 手出画面; 无意义动作过多，手出画面; 手部频繁出画面; 无效操作时间过长; 手出画面; 手出画面; 无效时间过长; 手部频繁出画面; 手出画面; 无效时间过长; 手出画面; 无效操作时间过长 手部出画; 无效操作时间过长 手部出画; 手出画面; 手出画面; 无效操作时间过长; 手部频繁出画面; 手部未漏全；无效时间过长; 手出画面; 无效时间过长; 手部频繁出画面; 手部频繁出画面; 无效操作时间过长
2026/2/14,4aa8,丰县,5.0,5.08,304.7,0.12,7.2,297.5,4.96,2.36%,0.08,用抹布擦拭碗盘,手部出画
2026/2/14,4f53,河南,0.0,1.86,111.7,1.86,111.7,0.0,0.0,100.0%,1.86,折叠购物袋,未正确佩戴设备; 脱下设备; 脱下设备; 未正确佩戴设备; 设备佩戴问题; 未正确佩戴设备; 设备佩戴问题; 脱下设备; 脱下设备; 未正确佩戴设备; 脱下设备; 未正确佩戴设备; 设备佩戴问题; 未正确佩戴设备
2026/2/14,5242,宁波,0.8,0.83,50.0,0.0,0.0,50.0,0.83,0.0%,0.03,叠衣服,
2026/2/14,63be,丰县,2.6,2.72,163.0,1.59,95.38,67.62,1.13,58.52%,0.12,电池安装,与任务流程不符 频闪; 拆卸电池; 与任务流程不符; 与任务流程不符; 与任务流程不符; 与任务流程不符; 手部出画; 与任务流程不符; 未工作; 无意义动作过多; 与任务流程不符; 重装电池
2026/2/14,6ea2,丰县,5.19,5.19,311.2,4.41,264.65,46.55,0.78,85.04%,0.0,整理零食、调料或玩具,手部出画; 无意义动作过长; 无意义动作过长; 无意义动作过长; 无意义动作过长; 无意义动作过长; 无意义动作过长; 手部出画; 无意义动作过长; 手部出画; 手部出画; 手部频繁出框; 手部频繁出框; 无意义动作过长; 手部出画; 无意义动作过长; 手部出画; 手出画面; 无意义动作过长; 手出画面; 手部出画; 无意义动作过长; 无意义动作过长; 无意义动作过长; 无效操作时间过长; 无意义动作过长; 无意义动作过长; 手出画面; 无意义动作过长; 无效操作时间过长; 无意义动作过长; 无意义动作过长
2026/2/14,7088,丰县,5.0,5.1,305.7,3.23,193.83,111.87,1.86,63.41%,0.1,整理洗漱用品,无效操作时间过长; 不符合任务要求（无效动作过长）; 不符合任务要求（无效动作过长）; 不符合任务要求（无效动作过长）; 未工作; 未工作; 无效操作时间过长; 不符合任务要求（无效动作过长）; 不符合任务要求（无效动作过长）; 不符合任务要求（无效动作过长）; 无效操作时间过长; 不符合任务要求（无效动作过长）; 手部出画 无效操作时间过长; 无效操作时间过长; 不符合任务要求（无效动作过长）; 不符合任务要求（无效动作过长）; 无效操作时间过长; 与任务无关操作; 无效操作时间过长; 无效操作时间过长; 手部出画 无效操作时间过长; 不符合任务要求（无效动作过长）;  无效操作时间过长
2026/2/14,c192,丰县,4.0,4.02,241.4,0.05,3.0,238.4,3.97,1.24%,0.02,整理零食、调料或玩具,手出画面; 手出画面; 手出画面
2026/2/14,d877,济宁,5.01,4.72,283.2,3.15,189.27,93.93,1.57,66.83%,-0.29,用抹布擦拭碗盘,手未露全; 手出画面; 手部出画; 手部出画; 手部频繁出画; 手部频繁出画; 手部频繁出画; 手出画面; 手部出画; 手出画面; 手出画面; 手出画面; 手部出画; 手部出画; 手部出画; 手出画面; 有效时长过短，手出画面; 手部出画; 手出画面; 手部出画; 手出画面; 手部出画; 手部出画; 手部出画; 手部出画; 手部出画
2026/2/14,f20e,济宁,5.01,4.92,294.9,0.0,0.0,294.9,4.92,0.0%,-0.09,整理文件,
2026/2/15,082c,河南,0.0,4.39,263.2,3.83,229.7,33.5,0.56,87.27%,4.39,折叠购物袋,手部出画; 手部出画; 手出画面; 手部出画; 手部出画; 手部出画; 手出画面; 手部频繁出画面; 手部频繁出画面; 手部出画; 手部频繁出框; 手部频繁出画面; 手部频繁出框; 画面中有多只手; 手部频繁出框; 手部出画; 手部频繁出画面; 手出画面; 手出画面; 手部频繁出框; 手出画面; 手部出画; 手部频繁出框; 手部出画; 手出画面; 手部出画; 画面中有多只手; 手部频繁出画面; 手部出画
2026/2/15,1af8,河南,5.05,5.08,305.0,0.5,30.02,274.98,4.58,9.84%,0.03,分类坚果/豆子,打瞌睡; 打瞌睡; 手部出画; 手部出画; 手部出画; 手部出画; 手出画面
2026/2/15,1ec0,济宁,5.07,7.16,429.8,0.32,19.3,410.5,6.84,4.49%,2.09,书本收纳,画面旁有多只手; 手部出画 画面中有多只手; 手部出画
2026/2/15,2d1c,丰县,2.7,2.71,162.6,0.0,0.0,162.6,2.71,0.0%,0.01,穿鞋带,
2026/2/15,3fff,丰县,5.1,5.13,307.6,1.12,67.13,240.47,4.01,21.82%,0.03,整理文件,手部出画; 0.5; 手部出画; 手部出画; 手部出画; 未工作 手部出画 ; 手部频繁出画面; 手部频繁出画面; 手出画面; 手出画面; 未工作; 未工作
2026/2/15,4aa8,丰县,4.46,9.78,586.5,5.46,327.5,259.0,4.32,55.84%,5.32,整理洗漱用品,无效操作时间过长; 无效操作时间过长; 无效动作过多; 无效操作时间过长; 时长过短; 无效操作时间过长;  无效操作时间过长; 无效操作时间过长; 无效动作过多;  无效操作时间过长;  无效操作时间过长; 无效操作时间过长; 无效动作过多; 无效动作过多; 无效操作时间过长; 无效操作时间过长; 无效操作时间过长; 无效操作时间过长; 无效操作时间过长; 无效动作过多; 无效操作时间过长; 无效操作时间过长; 无效操作时间过长;  无效操作时间过长; 无效操作时间过长;  无效操作时间过长; 无效操作时间过长; 无效操作时间过长; 任务不符; 任务不符; 任务不符; 任务不符; 任务不符; 任务不符; 任务不符; 任务不符; 任务不符
2026/2/15,4f53,河南,4.24,3.21,192.8,2.88,172.8,20.0,0.33,89.63%,-1.03,折叠购物袋,未正确佩戴设备; 未正确佩戴设备; 设备佩戴问题; 未正确佩戴设备; 未正确佩戴设备; 未正确佩戴设备; 未正确佩戴设备; 脱下设备; 未正确佩戴设备; 脱下设备; 未佩戴设备; 脱下设备; 脱下设备; 脱下设备; 设备佩戴问题; 设备佩戴问题; 脱下设备; 脱下设备; 脱下设备; 未正确佩戴设备; 未正确佩戴设备; 未正确佩戴设备
2026/2/15,6ea2,丰县,5.1,5.11,306.8,1.59,95.67,211.13,3.52,31.18%,0.01,电池安装,与任务无关; 与任务描述不符（无效动作过多）; 手部频繁出画面; 与操作流程不符; 大部分时间在卸电池; 时长过短; 与任务流程不符; 无效动作; 与任务描述不符（无效动作过多）; 无效动作; 与任务描述不符; 与任务描述不符（无效动作过多）; 与任务描述不符（无效动作过多）; 与任务流程不符; 与任务描述不符
2026/2/15,7088,丰县,5.1,5.13,308.0,3.56,213.3,94.7,1.58,69.25%,0.03,用抹布擦拭碗盘,手部出画; 手部出画; 手部出画; 手部频繁出画面; 手出画面; 手部频繁出画面; 手出画面; 手部频繁出画面; 手部频繁出画面; 手出画面; 手未露全; 手部出画; 手部出画; 手未露全; 手部出画; 手部频繁出画面; 手部出画; 手未露全; 手未露全; 手部频繁出画面; 手出画面; 手部出画; 手出画面
2026/2/15,98a7,丰县,1.7,1.7,102.1,0.0,0.0,102.1,1.7,0.0%,0.0,穿鞋带,
2026/2/15,c192,丰县,1.0,1.43,86.1,0.01,0.75,85.35,1.42,0.87%,0.43,整理零食、调料或玩具,未工作
2026/2/15,d877,济宁,5.07,5.12,307.3,1.04,62.43,244.87,4.08,20.32%,0.05,穿鞋带,画面旁有多只手; 手部出画; 手部出画; 手部频繁出画; 手部出画; 手出画面; 手部出画; 手部出画; 手部出画; 手部出画; 手部频繁出画; 手出画面
2026/2/15,f20e,济宁,5.02,5.74,344.1,0.82,49.49,294.61,4.91,14.38%,0.72,擦拭桌面小摆件,手部出画; 未工作; 手部出画; 时长过短; 未工作;  手出画面;  手出画面; 未工作; 手部出画; 未工作
2026/2/16,082c,河南,5.03,5.03,301.6,4.75,284.95,16.65,0.28,94.48%,0.0,整理洗漱用品,手部出画; 手出画面; 手部频繁出画面; 手部出画; 手部出画; 手部出画; 手部频繁出画面; 手部频繁出画面; 手部出画; 手出画面; 手部频繁出画面; 手出画面; 手部出画; 手部出画; 手部出画; 手部频繁出画面; 手部频繁出画面; 工作时刷视频; 手部出画; 手部出画; 手部频繁出画面; 手部出画; 画面旁有多只手; 手部出画; 多只手; 手出画面; 手部出画; 手部出画; 手部出画; 手部出画; 手部出画; 手部出画; 手出画面; 设备摘下; 手部出画; 手部出画; 手部出画; 手出画面; 未工作
2026/2/16,1af8,河南,0.0,1.34,80.2,0.57,34.4,45.8,0.76,42.89%,1.34,电池安装,刷视频; 刷视频; 与任务无效操作时间过长; 工作时刷视频; 工作时刷视频; 刷视频; 工作时刷视频
2026/2/16,1ec0,济宁,5.07,3.0,180.1,0.23,14.0,166.1,2.77,7.77%,-2.07,擦拭桌面小摆件,手部出画; 手部出画
2026/2/16,3fff,丰县,3.4,3.38,203.0,2.61,156.85,46.15,0.77,77.27%,-0.02,整理碗筷,手部频繁出画; 手部出画; 手部出画; 手部出画; 手部频繁出画面; 手部出画; 手部出画; 手部出画; 手部频繁出画面; 手部出画; 手部出画; 手部出画; 手部出画; 手部频繁出画面; 手部出画; 手部频繁出画面; 手部出画; 手出画面
2026/2/16,4aa8,丰县,0.8,0.8,47.9,0.35,20.72,27.18,0.45,43.26%,0.0,整理碗筷,任务不符; 任务不符; 未工作
2026/2/16,4f53,河南,0.0,0.22,12.9,0.22,12.9,0.0,0.0,100.0%,0.22,整理洗漱用品,脱下设备; 设备佩戴问题
2026/2/16,f20e,济宁,5.06,4.97,298.3,1.44,86.25,212.05,3.53,28.91%,-0.09,叠衣服,手部出画; 手部出画; 手部出画; 手部出画; 手部出画; 手部出画; 手部出画; 手部出画; 手部出画; 手部出画; 手部出画; 手部出画; 手部出画
2026/2/17,1ec0,济宁,0.0,2.01,120.4,0.0,0.0,120.4,2.01,0.0%,2.01,整理零食、调料或玩具,
2026/2/17,f20e,济宁,0.0,1.22,73.3,0.25,14.8,58.5,0.98,20.19%,1.22,穿鞋带,手部出画; 手部出画
2026/2/18,082c,河南,5.05,5.08,304.9,1.47,88.22,216.68,3.61,28.93%,0.03,用抹布擦拭碗盘,手部出画; 手部出画; 手部出画; 画面旁有多只手; 画面旁有多只手; 手部出画; 手部出画;  手部出画 画面中有多只手; 手出画面; 画面中有多只手; 手部出画; 手部出画
2026/2/18,1af8,河南,3.49,3.82,229.5,1.56,93.4,136.1,2.27,40.7%,0.33,电池安装,与任务流程不符; 与任务流程不符; 无效操作时间过长; 工作时玩手机; 无意义动作; 工作时刷视频; 无意义动作过多，玩手机;  无效操作时间过长; 无意义动作过多，嗑瓜子; 工作时刷视频;  无效操作时间过长;  无效操作时间过长
2026/2/18,1ec0,济宁,5.12,4.56,273.8,0.17,10.0,263.8,4.4,3.65%,-0.56,整理零食、调料或玩具,未工作; 画面中有多只手; 手出画面; 画面中有多只手; 画面旁有多只手; 画面旁有多只手; 画面旁有多只手; 画面旁有多只手; 未工作; 画面旁有多只手; 画面旁有多只手; 画面旁有多只手
2026/2/18,4f53,河南,5.1,5.16,309.5,0.01,0.7,308.8,5.15,0.23%,0.06,整理洗漱用品,工作时间较少
2026/2/18,5242,宁波,3.5,3.62,217.4,0.0,0.0,217.4,3.62,0.0%,0.12,叠衣服,
2026/2/18,63be,丰县,1.09,1.08,65.0,0.19,11.3,53.7,0.9,17.38%,-0.01,整理零食、调料或玩具,手部出画; 手部出画; 手部出画
2026/2/18,6a87,宁波,0.0,0.57,34.4,0.17,10.0,24.4,0.41,29.07%,0.57,用抹布擦拭碗盘,手部出画
2026/2/18,6ea2,丰县,5.18,5.18,310.6,2.74,164.6,146.0,2.43,52.99%,0.0,整理文件,无效动作; 手部出画; 无效操作时间过长; 手部出画; 无效操作时间过长 手部出画; 手部出画; 无效操作时间过长 手部出画; 手部出画; 无效操作时间过长; 无效动作; 手部频繁出画面; 手部频繁出画面; 手部未漏全; 手部出画; 手出画面; 手部出画; 手部出画; 手部频繁出画面; 手部出画; 手部频繁出画面; 手部频繁出画面
2026/2/18,7088,丰县,5.2,5.21,312.8,5.21,312.8,0.0,0.0,100.0%,0.01,电池安装,不符合任务要求（无效动作过长）; 无关动作;  无效操作时间过长; 无效时间过长;  无效操作时间过长;  无效操作时间过长; 无关动作;  无效操作时间过长; 无效时间过长; 不符合任务要求（无效动作过长）; 无意义动作过多; 无关动作; 不符合任务要求（无效动作过长）; 无意义动作过多; 不符合任务要求（无效动作过长）; 不符合任务要求（无效动作过长）;  无效操作时间过长; 无效时间过长; 未工作; 无关动作; 无效时间过长; 无关动作; 未工作; 手部出画 无效操作时间过长; 无效时间过长; 无效时间过长; 手部出画 无效操作时间过长; 无效时间过长; 手部出画 无效操作时间过长; 手未露全; 无效时间过长; 无效时间过长; 无意义动作过多; 手未露全; 手未露全; 手未露全
2026/2/18,d877,济宁,5.24,5.4,323.8,1.4,83.8,240.0,4.0,25.88%,0.16,擦拭桌面小摆件,手部未漏全; 手部频繁出画; 手出画面; 手未露全; 手部频繁出画; 手未露全; 手未露全; 手部出画; 手未露全; 手出画面; 手未露全; 手部未漏全; 手出画面; 手部出画
2026/2/18,f20e,济宁,5.06,4.44,266.5,1.8,107.72,158.78,2.65,40.42%,-0.62,穿鞋带,手部出画; 手部出画; 手出画面; 手出画面; 手出画面; 手出画面; 手部出画; 手出画面; 画面旁有多只手; 手出画面; 手出画面; 手出画面; 手部出画; 手出画面; 手出画面; 手部出画; 手部有时出框; 手出画面; 手部出画; 手出画面; 手部出画; 手部出画; 手部有时出框; 手部出画; 手出画面; 手出画面; 手部出画; 手出画面; 手部出画; 手出画面; 手出画面; 手出画面; 手部出画; 手部出画; 手出画面; 画面中有多只手; 手部出画; 手部有时出框; 手部出画; 手部有时出框
2026/2/19,082c,河南,7.06,7.08,424.9,5.25,314.9,110.0,1.83,74.11%,0.02,整理鞋柜,手出画面; 手部频繁出框; 手未露全; 手未露全; 手部出画; 手未露全; 手部出画; 手出画面; 手部频繁出框; 单手操作; 手部出画; 手未露全; 手未露全; 手未露全; 手未露全; 手部出画; 手出画面; 手未露全; 手出画面; 手部出画; 手部出画; 手部出画; 手未露全; 手出画面; 手未露全; 手部频繁出框; 手部出画; 手未露全; 手部出画; 手部出画; 手未露全; 手部频繁出框; 手部频繁出框; 多只手; 手部频繁出框; 手出画面; 手部频繁出框; 手部频繁出画面; 手出画面; 手部频繁出框; 手部频繁出画面; 手未露全; 手部频繁出画面; 手出画面; 手部频繁出画面; 手出画面
2026/2/19,0af6,丰县,5.0,4.99,299.6,2.1,125.77,173.83,2.9,41.98%,-0.01,整理洗漱用品,手部出画; 手部出画; 时间较短; 手未露全; 手未露全; 手部出画; 手未露全; 手未露全; 手部出画; 手出画面; 手部出画; 手部出画; 手未露全; 手未露全; 手出画面; 手部频繁出框; 手出画面
2026/2/19,1af8,河南,5.01,5.01,300.8,0.58,34.65,266.15,4.44,11.52%,0.0,整理洗漱用品,手出画面; 手出画面; 手出画面; 手部频繁出框; 手部出画
2026/2/19,1ec0,济宁,5.11,3.82,229.3,0.0,0.0,229.3,3.82,0.0%,-1.29,穿鞋带,画面旁有多只手; 画面旁有多只手; 画面旁有多只手; 画面旁有多只手; 画面旁有多只手; 画面旁有多只手; 画面旁有多只手; 画面旁有多只手; 画面旁有多只手; 画面旁有多只手; 画面旁有多只手
2026/2/19,3fff,丰县,7.0,7.44,446.6,4.26,255.43,191.17,3.19,57.19%,0.44,用抹布擦拭碗盘,擦筷子; 手部出画; 手部出画; 手部出画; 手未露全; 手部出画; 手部出画; 手部出画; 手部频繁出画面; 手部出画; 手部频繁出框; 手出画面; 手部出画; 手部频繁出框; 手部出画; 手部出画; 手出画面; 手部出画; 手出画面; 手未露全; 手出画面; 手部出画; 手出画面; 手部频繁出框; 手部频繁出框; 手部出画; 手部频繁出框; 手部出画; 手部频繁出框
2026/2/19,4aa8,丰县,5.09,5.08,304.8,4.58,274.8,30.0,0.5,90.16%,-0.01,电池安装,拆卸电池；无关动作; 无意义动作过多; 做无意义动作时间过长; 做无意义动作时间过长; 拆卸电池；无关动作;  无效操作时间过长; 无效时间过长; 无效操作时间过长; 拆卸电池；无关动作; 做无意义动作时间过长; 拆卸电池；无关动作; 手未露全; 无效时间过长; 无效时间过长; 无效时间过长; 手未露全; 做无意义动作时间过长; 手部出画 无效操作时间过长; 做无意义动作时间过长; 手部出画 无效操作时间过长; 无效操作时间过长; 做无意义动作时间过长; 无效时间过长; 无效时间过长; 手部出画; 做无意义动作时间过长; 做无意义动作时间过长; 拆卸电池；无关动作; 无意义动作过长; 无效操作时间过长; 无意义动作过多; 拆卸电池；无关动作
2026/2/19,4f53,河南,5.15,5.24,314.5,1.01,60.47,254.03,4.23,19.23%,0.09,分拣乐高/积木零件,工作时刷视频; 刷视频; 与任务无关操作; 工作时刷视频; 做与任务无关的事 单手操作; 工作时刷视频; 刷手机; 做与任务无关的事; 手未露全; 工作时刷视频; 工作时间较短
2026/2/19,5242,宁波,1.0,1.15,68.8,0.0,0.0,68.8,1.15,0.0%,0.15,叠衣服,
2026/2/19,6ea2,丰县,5.45,5.44,326.5,2.03,121.97,204.53,3.41,37.36%,-0.01,整理碗筷,手部出画; 无意义动作过多; 手部出画; 手部频繁出画面; 手部出画; 手部频繁出画面; 手部出画; 任务不符; 无意义动作过多; 任务不符; 任务不符; 手部频繁出框; 未工作; 与任务描述不符（无效动作过多）; 时间较短; 与任务描述不符（无效动作过多）; 未工作; 与任务描述不符（无效动作过多）
2026/2/19,7088,丰县,5.13,5.13,307.8,4.68,280.7,27.1,0.45,91.2%,0.0,整理碗筷,无意义动作过多; 不符合任务要求（无效动作过长）; 任务不符;  无效操作时间过长;  无效操作时间过长; 无效操作时间过长; 无意义动作过多; 无意义动作过多; 不符合任务要求（无效动作过长）; 无意义动作过多，任务不符; 无效操作时间过长; 无效操作时间过长; 手部出画 无效操作时间过长; 手部频繁出画面; 手部频繁出画面; 手出画面; 手出画面; 手部频繁出画面; 手部频繁出框; 手未露全; 手未露全; 手部出画; 手出画面; 手未露全; 手出画面; 手部频繁出画面; 手部频繁出框; 手未露全; 手未露全; 手部出画
2026/2/19,c192,丰县,4.68,4.69,281.2,0.0,0.0,281.2,4.69,0.0%,0.01,擦拭桌面小摆件,
2026/2/19,d877,济宁,5.08,5.13,307.9,0.03,1.9,306.0,5.1,0.62%,0.05,折叠购物袋,多只手; 画面旁有多只手; 画面旁有多只手; 画面旁有多只手; 画面旁有多只手; 未工作
2026/2/19,f20e,济宁,5.07,4.23,253.8,0.6,36.12,217.68,3.63,14.23%,-0.84,整理零食、调料或玩具,手部有时出框; 手出画面; 手部有时出框; 手部有时出框; 手部出画; 手部有时出框; 手部有时出框; 手部有时出框; 手部有时出框; 手部有时出框; 手部有时出框; 手部有时出框; 手出画面; 手出画面; 手部有时出框; 手部出画; 手部出画; 手出画面; 手出画面; 手出画面; 手出画面; 手出画面; 手部有时出框/未工作; 手出画面; 手部有时出框; 手出画面; 手出画面; 手部有时出框; 手出画面; 手部有时出框; 手部出画; 手部出画; 手部有时出框; 手部出画; 手出画面; 手部有时出框; 手部有时出框; 手部有时出框; 手部有时出框; 手部有时出框; 手部有时出框; 手部出画; 手出画面; 手部有时出框; 手部有时出框; 手部出画; 手部有时出框; 手出画面; 手出画面; 手部有时出框; 手出画面; 手部有时出框; 手出画面; 手部出画; 手部有时出框; 手部有时出框; 手部有时出框; 手部有时出框; 手部有时出框; 手部有时出框; 手部有时出框; 手部有时出框; 手部有时出框; 手部有时出框; 手出画面; 手部频繁出框; 手出画面; 手部有时出框; 手部频繁出框; 手部出画; 手出画面; 手出画面; 手部频繁出框; 手部频繁出框; 手出画面; 手出画面; 手部有时出框
2026/2/20,082c,河南,3.04,3.07,184.3,1.44,86.4,97.9,1.63,46.88%,0.03,整理碗筷,手部频繁出框; 手部出画; 手部频繁出框; 手出画面; 手部频繁出框; 手未露全; 手部频繁出画面; 手未露全; 手部出画 画面中有多只手; 手出画面; 手部频繁出画面; 手未露全; 手部频繁出框; 时长过短
2026/2/20,0af6,丰县,5.05,5.05,303.0,2.58,154.82,148.18,2.47,51.1%,0.0,穿鞋带,手部出画; 手部频繁出画面; 手部频繁出画面; 手未露全; 手出画面; 手部出画; 手出画面; 手部频繁出画面; 手出画面; 手部频繁出画面; 手出画面; 手部出画; 手部未漏全; 手部频繁出画面; 手部出画; 脱离设备; 未工作; 手部频繁出画面; 手部频繁出画面; 手出画面
2026/2/20,1af8,河南,5.03,7.35,441.1,0.01,0.57,440.53,7.34,0.13%,2.32,分拣乐高/积木零件,手部出画
2026/2/20,1ec0,济宁,5.1,6.19,371.3,0.57,34.1,337.2,5.62,9.18%,1.09,整理名片/会员卡/银行卡,时长过短; 画面旁有多只手; 多只手; 多只手; 画面旁有多只手; 多只手; 多只手; 画面旁有多只手; 多只手; 画面旁有多只手; 画面旁有多只手; 画面旁有多只手; 画面旁有多只手; 画面旁有多只手
2026/2/20,3fff,丰县,5.25,5.26,315.5,1.39,83.6,231.9,3.86,26.5%,0.01,穿鞋带,手未露全; 手部出画; 手未露全; 手出画面; 手部出画; 手部频繁出画面; 手未露全; 手部出画; 手未露全; 手出画面
2026/2/20,4aa8,丰县,0.0,5.21,312.6,4.67,280.21,32.39,0.54,89.64%,5.21,整理文件,翻书；手未露全; 手部频繁出框; 手部出画; 手部频繁出框; 翻书；手未露全; 手出画面; 手部频繁出框; 翻书；手未露全; 手出画面; 翻书；手未露全; 手部频繁出框; 手部频繁出框; 手部频繁出框; 手部频繁出框; 翻书；手未露全; 手未露全; 翻书；手未露全; 手部出画; 同一件物品翻动时长过久; 同一件物品翻动时长过久; 同一件物品翻动时长过久; 手部出画; 手部频繁出框; 手部频繁出框; 手部频繁出框; 手出画面; 手出画面; 手部频繁出框; 手未露全; 手部频繁出框; 手部出画; 手未露全
2026/2/20,4f53,河南,2.5,2.84,170.1,0.5,29.85,140.25,2.34,17.55%,0.34,整理鞋柜,手部出画; 工作时刷视频; 未工作; 未工作 手部出画
2026/2/20,63be,丰县,2.4,2.38,142.5,0.0,0.0,142.5,2.38,0.0%,-0.02,整理零食、调料或玩具,
2026/2/20,6ea2,丰县,6.66,6.68,400.9,1.47,88.3,312.6,5.21,22.03%,0.02,电池安装,无效操作时间过长; 无效操作时间过长; 无效动作过多; 无效时间过长; 无意义动作过多，手出画面; 无效时间过长; 与任务描述不符（无效动作过多）; 与任务描述不符（无效动作过多）; 与任务描述不符（无效动作过多）; 无意义动作过多
2026/2/20,98a7,丰县,3.33,3.34,200.7,0.0,0.0,200.7,3.34,0.0%,0.01,穿鞋带,
2026/2/20,c192,丰县,3.25,3.26,195.7,0.18,10.7,185.0,3.08,5.47%,0.01,分类坚果/豆子,坚果种类单一; 时长过短
2026/2/20,f20e,济宁,5.07,5.95,356.9,0.0,0.0,356.9,5.95,0.0%,0.88,折叠购物袋,
2026/2/21,0af6,丰县,5.0,5.01,300.9,1.6,96.0,204.9,3.42,31.9%,0.01,整理零食、调料或玩具,时间较短;  手部频繁出框; 手部频繁出画面; 手出画面; 时长过短; 手频繁出画面; 手未露全; 手部出画; 手未露全; 手未露全; 手部出画; 手部频繁出画面; 手出画面
2026/2/21,1af8,河南,4.43,4.71,282.6,0.0,0.0,282.6,4.71,0.0%,0.28,整理袜子,
2026/2/21,1ec0,济宁,5.05,4.1,245.7,0.0,0.0,245.7,4.1,0.0%,-0.95,折叠购物袋,画面旁有多只手; 画面旁有多只手; 画面旁有多只手
2026/2/21,3fff,丰县,5.2,5.2,311.8,1.89,113.2,198.6,3.31,36.31%,0.0,整理鞋柜,擦鞋; 手部出画; 手部出画; 手部出画; 擦鞋; 擦鞋; 工作时刷视频; 擦鞋; 手部出画; 擦鞋; 擦鞋; 擦鞋; 手部出画; 擦鞋
2026/2/21,4f53,河南,2.23,5.49,329.5,2.1,126.25,203.25,3.39,38.32%,3.26,整理鞋柜,未工作; 无意义动作过多; 工作时刷视频; 无意义动作过多; 工作时刷视频; 未工作; 无意义动作过多; 工作时刷视频; 工作时刷视频; 无意义动作过多; 手出画面; 时间较短; 手部出画; 工作时刷视频; 工作时刷视频; 刷视频; 工作时刷视频; 未工作; 时长过短; 刷视频; 刷视频; 手部出画
2026/2/21,63be,丰县,1.56,1.57,93.9,0.0,0.0,93.9,1.57,0.0%,0.01,整理零食、调料或玩具,
2026/2/21,6ea2,丰县,5.18,5.17,310.4,0.83,49.78,260.62,4.34,16.04%,-0.01,穿鞋带,手出画面; 手部频繁出画面; 手部未漏全; 未工作; 手部频繁出画面; 手部频繁出画面; 手部未漏全; 手部频繁出画面; 手部频繁出画面; 手部频繁出画面; 手部出画; 手部出画面
2026/2/21,c192,丰县,5.04,5.03,301.8,4.8,288.14,13.66,0.23,95.47%,-0.01,书本收纳,任务描述不符（无效时间过长）; 看书时间太长与任务不符; 时长过短; 翻书; 翻书; 与任务流程不符; 翻书; 任务描述不符（无效时间过长）; 任务描述不符（无效时间过长）; 任务不符合; 任务描述不符（无效时间过长）; 任务描述不符（无效时间过长）; 与任务描述不符; 看书时间太长与任务不符; 看书时间太长与任务不符; 与任务描述不符; 看书时间太长与任务不符; 翻书; 翻书; 与任务描述不符; 任务描述不符（无效时间过长）; 任务描述不符（无效时间过长）; 任务不符合; 看书时间太长与任务不符; 翻书; 任务描述不符（无效时间过长）; 看书时间太长与任务不符; 任务不符合; 翻书; 任务不符合; 任务不符合; 任务不符合; 任务描述不符（无效时间过长）; 任务不符合; 翻书; 翻书; 看书时间太长与任务不符; 任务描述不符（无效时间过长）
2026/2/21,f20e,济宁,5.06,4.05,243.0,1.94,116.25,126.75,2.11,47.84%,-1.01,整理名片/会员卡/银行卡,手部频繁出框; 手未露全; 手部出画; 手部出画; 手部频繁出框; 手部频繁出框; 手未露全; 手未露全; 手未露全; 手未露全; 手部出画; 手部出画; 手部频繁出框; 手出画面; 手未露全; 手部出画; 手部频繁出框; 未工作; 手部出画; 手出画面; 手频繁出画面; 手未露全; 手出画面; 手未露全; 手频繁出画面; 手未露全; 手部出画; 手未露全
2026/2/22,0af6,丰县,4.02,4.01,240.7,0.36,21.9,218.8,3.65,9.1%,-0.01,整理鞋柜,手部出画; 手部出画; 手部出画
2026/2/22,1af8,河南,0.0,3.03,181.8,0.09,5.25,176.55,2.94,2.89%,3.03,用抹布擦拭碗盘,旁边有人; 旁边有人
2026/2/22,1ec0,济宁,5.09,4.25,255.1,0.02,1.0,254.1,4.24,0.39%,-0.84,整理洗漱用品,画面旁有多只手; 画面旁有多只手; 画面旁有多只手; 画面旁有多只手; 未工作; 画面旁有多只手; 未工作; 手出画面; 手出画面
2026/2/22,3fff,丰县,5.33,5.34,320.3,0.42,25.44,294.86,4.91,7.94%,0.01,用抹布擦拭碗盘,手未露全; 手部出画; 手露不全
2026/2/22,6ea2,丰县,4.0,4.06,243.4,1.76,105.53,137.87,2.3,43.36%,0.06,整理鞋柜,手部出画; 与任务不符; 与任务不符; 手部出画; 手部出画; 手部出画; 手部出画; 与任务不符; 手部出画; 手部频繁出画面; 手露不全; 手出画面; 手部出画
2026/2/22,7088,丰县,5.1,5.12,307.5,2.62,156.9,150.6,2.51,51.02%,0.02,收拾桌面,无意义动作过多; 翻书; 翻书; 翻书; 与任务流程不符; 翻书; 与任务流程不符; 与任务流程不符; 无意义动作过多; 与任务流程不符; 与任务流程不符; 与任务流程不符; 与任务流程不符; 手部频繁出画面; 翻书; 手部未漏全; 无意义动作过多; 与任务不符 手部出画
2026/2/22,9921,丰县,7.25,7.26,435.4,3.04,182.55,252.85,4.21,41.93%,0.01,收拾桌面,任务不符合; 手部未漏全; 翻书; 手部未漏全; 翻书; 手部未漏全; 手部未漏全; 手部未漏全; 全程翻书; 全程翻书; 手部未漏全; 全程翻书; 手部未漏全; 手部未漏全; 与任务流程不符; 手部未漏全; 翻书; 全程翻书; 全程翻书; 手部未漏全; 手部未漏全; 全程翻书
2026/2/22,d877,济宁,5.17,3.38,202.8,2.9,173.75,29.05,0.48,85.68%,-1.79,整理名片/会员卡/银行卡,手部出画; 手出画面; 手部频繁出画; 手部频繁出画; 手部出画; 手频繁出画面; 手频繁出画面; 手部频繁出画; 手部出画; 手出画面; 手频繁出画面; 手部出画; 手出画面; 手频繁出画面; 手出画面; 手部出画; 手出画面; 手频繁出画面; 手部未漏全; 手部出画; 手部频繁出画; 手出画面; 手出画面; 手未露全; 手出画面; 手部频繁出画; 手部出画; 手出画面; 手部出画; 手部频繁出画; 手部出画; 手部出画; 手频繁出镜; 手部出画; 手部频繁出画; 手出画面
2026/2/22,f20e,济宁,5.04,6.08,364.8,2.71,162.41,202.39,3.37,44.52%,1.04,整理碗筷,手频繁出画面; 手未露全; 手部频繁出画面; 手部频繁出画面; 手部频繁出画面; 手未露全; 手出画面; 手部频繁出画面; 手出画面; 手频繁出画面; 手频繁出画面; 手频繁出画面; 手部频繁出画面; 手部频繁出画面; 手频繁出画面; 手出画面; 手频繁出画面; 手部出画; 手未露全; 手未露全; 手部出画; 手部出画 画面中有多只手; 手出画面; 手部频繁出画面; 手部出画; 手部出画; 手部频繁出画面; 手部出画; 手出画面; 手部频繁出画面; 手出画面; 手频繁出画面; 手部出画; 手出画面; 手部出画 画面中有多只手; 手部出画; 手未露全; 手部出画; 手频繁出画面; 手出画面; 手频繁出画面; 手出画面; 手频繁出画面; 手出画面; 手出画面; 手部频繁出画面; 手部频繁出画面; 手未露全; 手部出画; 手部出画; 手出画面; 手出画面; 手出画面; 手部出画; 手未露全; 手部出画; 手部频繁出画面; 手出画面; 手未露全; 手部频繁出画面; 手未露全; 手部频繁出画面; 手部未漏全; 手部出画; 手部出画; 手部出画; 手部出画 画面中有多只手; 手未露全; 手未露全; 手部出画; 手部出画; 手部出画 画面中有多只手; 手出画面; 手出画面; 手未露全; 手部频繁出画面; 手未露全; 手出画面; 手频繁出镜; 手部频繁出画面; 手部出画; 手未露全; 手未露全; 手部出画; 手部频繁出画面; 手出画面; 手出画面; 手出画面; 手出画面; 手出画面; 手出画面; 手出画面; 手部出画; 手未露全; 手未露全; 手出画面; 手未露全; 手未露全; 手出画面; 手频繁出画面; 手频繁出画面; 手未露全; 手频繁出画面; 手出画面; 手部出画; 手未露全; 手部出画; 手出画面; 手频繁出画面; 手未露全; 手未露全; 手未露全; 手部出画; 手部频繁出画面; 手部频繁出画面; 手频繁出画面; 手部出画; 手频繁出画面; 手部频繁出画面; 手未露全
2026/2/23,0af6,丰县,1.03,1.05,62.7,0.0,0.0,62.7,1.05,0.0%,0.02,整理鞋柜,
2026/2/23,1ec0,济宁,5.07,3.44,206.1,0.0,0.0,206.1,3.44,0.0%,-1.63,整理碗筷,
2026/2/23,4aa8,丰县,5.28,5.28,316.5,2.64,158.5,158.0,2.63,50.08%,0.0,收拾桌面,任务不符合; 任务不符合; 任务不符合; 翻书; 翻书; 与任务流程不符; 与任务流程不符; 任务不符合; 与任务流程不符; 与任务流程不符; 任务不符合; 未工作; 任务不符合; 翻书; 翻书; 翻书; 手部频繁出框; 有效时间过短
2026/2/23,4f53,河南,2.03,2.04,122.7,0.67,40.25,82.45,1.37,32.8%,0.01,整理名片/会员卡/银行卡,工作时刷视频; 完全无意义; 完全无意义; 手部画面
2026/2/23,6ea2,丰县,0.0,1.08,64.5,0.0,0.0,64.5,1.08,0.0%,1.08,整理鞋柜,
2026/2/23,7088,丰县,5.18,5.18,311.0,2.07,124.4,186.6,3.11,40.0%,0.0,整理文件,左侧镜头失焦; 左侧镜头失焦; 未分类; 未分类; 未分类; 未分类; 手部画面; 未分类; 手部频繁出画面; 手部频繁出画面; 手部频繁出画面; 手部频繁出画面; 手部画面; 未分类; 手部频繁出画面
2026/2/23,9921,丰县,2.8,2.79,167.2,0.0,0.0,167.2,2.79,0.0%,-0.01,整理洗漱用品,
2026/2/23,d877,济宁,0.0,4.16,249.6,3.0,180.0,69.6,1.16,72.12%,4.16,分类坚果/豆子,手频繁出画面; 手频繁出画面; 手出画面; 手未露全; 手部画面; 手部频繁出画; 手部频繁出画; 手出画面; 手部画面; 手部出画; 手频繁出画面; 手部出画; 手频繁出画面; 手部画面; 手未露全; 手未露全; 手出画面; 手部频繁出画
2026/2/23,f20e,济宁,5.05,4.04,242.7,2.39,143.38,99.32,1.66,59.08%,-1.01,整理洗漱用品,手部频繁出画面; 手未露全; 手部画面; 手未露全; 手部频繁出画面; 手出画面; 手部频繁出画面; 手部画面; 手未露全; 手频繁出画面; 手频繁出画面; 手部画面; 手部频繁出画面; 手部频繁出画面; 手未露全; 手部频繁出画面; 手频繁出画面; 手部画面; 手部画面; 手频繁出画面; 手出画面; 手频繁出画面; 手出画面; 手未露全; 手出画面; 手出画面; 手未露全; 手频繁出画面; 手频繁出画面; 手未露全; 手部频繁出画面; 手出画面; 手未露全; 手出画面; 手部频繁出画面; 手部画面; 手出画面; 手部画面; 手部频繁出画面; 手频繁出画面; 手未露全; 手出画面; 手部画面; 手部画面; 手部画面; 手未露全; 手频繁出画面; 手未露全; 手部画面; 手部画面; 手出画面; 手出画面; 手频繁出画面; 手频繁出画面; 手部画面; 手部频繁出画面; 手部画面; 手部画面; 手部画面; 手未露全; 手出画面; 手未露全; 手未露全; 手部画面; 手部画面; 手未露全; 手部画面; 手部画面; 手未露全; 手出画面; 手未露全; 手未露全; 手未露全; 手出画面
2026/2/24,082c,河南,5.13,5.22,313.1,3.37,202.43,110.67,1.84,64.65%,0.09,书本收纳,手部出画 遮挡; 手出画面; 手出画面; 手出画面; 手部频繁出画面; 手出画面; 手部出画; 手部出画; 手部频繁出画面; 手出画面; 手部出画; 手出画面; 手部未漏全; 手部频繁出画面; 手部未漏全; 手部出画; 手出画面; 手部出画; 手出画面; 手部出画; 手部频繁出画面; 手部频繁出画面; 手部出画; 手出画面
2026/2/24,1af8,河南,6.04,6.06,363.3,0.0,0.0,363.3,6.06,0.0%,0.02,折叠购物袋,
2026/2/24,1ec0,济宁,5.03,5.04,302.4,0.12,7.03,295.37,4.92,2.32%,0.01,分类坚果/豆子,未工作; 视频时间短且未工作; 画面中有多只手; 手部频繁出画面; 时长过短; 时长过短; 时长过短
2026/2/24,4aa8,丰县,5.1,0.01,0.7,0.0,0.0,0.7,0.01,0.0%,-5.09,穿鞋带,
2026/2/24,4f53,河南,2.57,5.22,313.1,1.79,107.3,205.8,3.43,34.27%,2.65,书本收纳,工作时玩手机; 工作时玩手机; 工作时玩手机; 工作时玩手机，手出画面; 工作时玩手机; 工作时玩手机; 手部出画 ; 工作时玩手机; 工作时玩手机; 工作时玩手机; 工作时玩手机; 工作时玩手机; 工作时玩手机
2026/2/24,5242,宁波,0.0,0.01,0.8,0.0,0.0,0.8,0.01,0.0%,0.01,叠衣服,
2026/2/24,6ea2,丰县,5.0,5.03,301.8,0.0,0.3,301.5,5.03,0.1%,0.03,用抹布擦拭碗盘,
2026/2/24,d877,济宁,5.07,2.72,163.2,1.37,82.2,81.0,1.35,50.37%,-2.35,分类坚果/豆子,手部出画; 手部出画; 手部频繁出画面; 手部出画; 手部频繁出画面; 手部未漏全; 手部出画; 手部频繁出画面; 手出画面
2026/2/25,082c,河南,7.15,5.17,310.2,5.17,310.2,0.0,0.0,100.0%,-1.98,分拣乐高/积木零件,手部频繁出画面; 手部频繁出画面; 手部频繁出画面; 手部频繁出画面; 手部频繁出画面; 手部频繁出画面; 手部频繁出画面; 手部频繁出画面; 手部频繁出画面; 手部频繁出画面; 手部频繁出画面; 手部频繁出画面; 手部频繁出画面; 手部频繁出画面; 手部频繁出画面; 手部频繁出画面; 手部频繁出画面; 手部频繁出画面; 手部频繁出画面; 手部频繁出画面; 手部频繁出画面; 手部频繁出画面; 手部频繁出画面; 手部频繁出画面; 手部频繁出画面; 手部频繁出画面; 手部频繁出画面; 手部频繁出画面; 手部频繁出画面; 手部频繁出画面; 手部频繁出画面; 手部频繁出画面; 右手频繁出画面; 右手频繁出画面; 右手频繁出画面; 右手频繁出画面; 右手频繁出画面; 右手频繁出画面
2026/2/25,1af8,河南,10.12,1.3,78.0,0.0,0.0,78.0,1.3,0.0%,-8.82,分拣晾晒衣物夹子,
2026/2/25,1ec0,济宁,5.1,3.19,191.3,0.0,0.0,191.3,3.19,0.0%,-1.91,药箱收纳,
2026/2/25,2a8f,宁波,3.0,3.01,180.3,1.26,75.8,104.5,1.74,42.04%,0.01,电池安装,看手机; 手部未漏全; 手部未漏全; 手部未漏全; 手部未漏全; 手部未漏全; 手部未漏全; 手部未漏全; 无效时间过长; 脱下设备
2026/2/25,3215,邯郸,7.0,7.08,424.6,0.16,9.8,414.8,6.91,2.31%,0.08,分类坚果/豆子,
2026/2/25,47c5,邯郸,5.75,4.43,265.6,0.03,1.6,264.0,4.4,0.6%,-1.32,收拾桌面,手部多次出画面
2026/2/25,4aa8,丰县,5.0,0.01,0.5,0.0,0.0,0.5,0.01,0.0%,-4.99,整理鞋柜,
2026/2/25,4f53,河南,0.0,3.17,190.4,0.01,0.75,189.65,3.16,0.39%,3.17,整理耳机线/数据线,未工作
2026/2/25,896a,邯郸,5.0,5.04,302.7,0.0,0.0,302.7,5.04,0.0%,0.04,折叠购物袋,
2026/2/25,98a7,丰县,0.9,0.92,55.5,0.03,2.0,53.5,0.89,3.6%,0.02,整理零食、调料或玩具,工作时间短
2026/2/25,c9ba,邯郸,6.25,5.76,345.7,0.04,2.4,343.3,5.72,0.69%,-0.49,整理袜子,
2026/2/25,d877,济宁,5.2,5.01,300.7,0.0,0.0,300.7,5.01,0.0%,-0.19,药箱收纳,
2026/2/25,d8db,河南,0.0,0.01,0.7,0.01,0.7,0.0,0.0,100.0%,0.01,分类坚果/豆子,
2026/2/25,f20e,济宁,0.0,1.12,66.9,0.0,0.0,66.9,1.12,0.0%,1.12,整理洗漱用品,
2026/2/26,1af8,河南,5.06,5.1,305.9,0.0,0.0,305.9,5.1,0.0%,0.04,整理零食、调料或玩具,
2026/2/26,1ec0,济宁,5.08,5.56,333.3,0.03,1.67,331.63,5.53,0.5%,0.48,药箱收纳,未工作; 画面中有多只手
2026/2/26,2180,邯郸,6.0,1.55,92.9,0.01,0.7,92.2,1.54,0.75%,-4.45,分类坚果/豆子,未工作
2026/2/26,2a8f,宁波,0.0,3.0,180.0,1.95,116.95,63.05,1.05,64.97%,3.0,整理文件,未工作; 无意义动作过多; 长时间看手机; 手未露全; 手未露全; 手部未漏全; 手未露全；未工作; 无意义动作过多; 长时间看手机; 无意义动作过多; 无意义动作过多; 未工作; 无意义动作过多; 无意义动作过多; 无意义动作过多
2026/2/26,3215,邯郸,7.0,6.94,416.4,0.28,16.95,399.45,6.66,4.07%,-0.06,药箱收纳,未工作; 未工作; 摄像头剧烈晃动; 未工作; 画面中有多只手
2026/2/26,47c5,邯郸,7.0,6.64,398.3,0.01,0.5,397.8,6.63,0.13%,-0.36,分类坚果/豆子,镜头遮挡
2026/2/26,4f53,河南,0.0,1.93,116.1,0.06,3.9,112.2,1.87,3.36%,1.93,整理零食、调料或玩具,无意义动作过多; 未工作
2026/2/26,5242,宁波,0.0,1.55,93.1,0.01,0.5,92.6,1.54,0.54%,1.55,药箱收纳,未工作
2026/2/26,7f1a,邯郸,7.25,6.78,407.0,0.0,0.0,407.0,6.78,0.0%,-0.47,收拾桌面,
2026/2/26,896a,邯郸,7.25,4.98,298.7,0.14,8.5,290.2,4.84,2.85%,-2.27,整理袜子,手部出画
2026/2/26,c9ba,邯郸,5.75,5.53,331.7,0.0,0.0,331.7,5.53,0.0%,-0.22,折叠购物袋,
2026/2/27,02b5,邯郸,6.25,5.91,354.7,0.5,30.2,324.5,5.41,8.51%,-0.34,折叠购物袋,手未露全; 手未露全; 手未露全; 手未露全; 手未露全; 手未露全; 手未露全
2026/2/27,082c,河南,6.5,6.83,409.7,2.69,161.45,248.25,4.14,39.41%,0.33,擦拭桌面小摆件,手未露全; 手未露全; 手未露全; 手部经常出画面; 手未露全; 手部经常出画面; 手未露全; 手未露全; 手部经常出画面; 手部经常出画面; 手未露全; 手未露全; 手部经常出画面; 手未露全; 手部经常出画面; 手部经常出画面; 手部经常出画面; 手部经常出画面; 手未露全; 手未露全; 手未露全
2026/2/27,1af8,河南,10.41,10.68,641.0,0.0,0.0,641.0,10.68,0.0%,0.27,整理碗筷,
2026/2/27,1ec0,济宁,5.05,6.5,390.1,0.04,2.3,387.8,6.46,0.59%,1.45,电池安装,未工作; 未工作; 未工作
2026/2/27,2a8f,宁波,3.0,3.0,180.1,1.12,67.25,112.85,1.88,37.34%,0.0,整理鞋柜,脱下设备; 未工作; 未工作; 未工作; 未工作; 环境问题; 环境问题; 环境问题; 画面模糊; 未工作; 未工作; 未工作; 未工作; 未工作; 长时间未工作
2026/2/27,3215,邯郸,8.0,7.0,420.2,0.0,0.0,420.2,7.0,0.0%,-1.0,整理袜子,
2026/2/27,33aa,济宁,0.0,0.02,1.0,0.02,1.0,0.0,0.0,100.0%,0.02,叠衣服,脱下设备
2026/2/27,47c5,邯郸,6.5,2.43,145.6,0.17,10.0,135.6,2.26,6.87%,-4.07,分类坚果/豆子,手部未漏全
2026/2/27,4f53,河南,5.0,6.86,411.6,0.16,9.9,401.7,6.69,2.41%,1.86,整理文件,脱离设备; 未工作
2026/2/27,5242,宁波,2.25,0.17,10.0,0.0,0.0,10.0,0.17,0.0%,-2.08,叠衣服,
2026/2/27,7f1a,邯郸,7.25,6.81,408.4,0.02,1.25,407.15,6.79,0.31%,-0.44,药箱收纳,未工作
2026/2/27,8128,邯郸,6.1,5.94,356.6,0.0,0.0,356.6,5.94,0.0%,-0.16,分类坚果/豆子,
2026/2/27,c9ba,邯郸,5.0,5.07,304.1,0.38,22.6,281.5,4.69,7.43%,0.07,分类坚果/豆子,手未露全; 手未露全; 手未露全; 手未露全; 手部未漏全
2026/2/27,d877,济宁,5.07,2.42,145.4,0.37,22.2,123.2,2.05,15.27%,-2.65,整理耳机线/数据线,手部经常出画面; 手部经常出画面; 手部经常出画面; 手部经常出画面; 手未露全; 手未露全
2026/2/27,de32,宁波,3.1,2.48,148.6,0.19,11.6,137.0,2.28,7.81%,-0.62,叠衣服,
2026/2/28,082c,河南,5.11,6.18,370.9,0.36,21.34,349.56,5.83,5.75%,1.07,整理文件,手部出画; 手部出画
2026/2/28,1af8,河南,10.25,10.04,602.4,0.18,10.5,591.9,9.86,1.74%,-0.21,叠衣服,画面中有多只手
2026/2/28,1ec0,济宁,5.02,5.89,353.2,0.14,8.3,344.9,5.75,2.35%,0.87,收拾桌面,手部出画
2026/2/28,4f53,河南,5.1,5.18,310.5,0.08,4.6,305.9,5.1,1.48%,0.08,收拾桌面,手部出画
2026/2/28,6bc0,,0.0,0.39,23.5,0.01,0.65,22.85,0.38,2.77%,0.39,叠衣服,
2026/2/28,abe0,,0.0,0.08,4.7,0.0,0.0,4.7,0.08,0.0%,0.08,整理名片/会员卡/银行卡,
2026/2/28,d877,济宁,5.04,4.24,254.7,2.26,135.34,119.36,1.99,53.14%,-0.8,收拾桌面,手部出画; 手部多次出画面; 手部多次出画面; 手部出画; 手部多次出画面; 手部出画; 手部出画; 手部出画; 手部出画; 手部出画; 手部出画; 手部出画; 手部多次出画面; 手部出画; 手部出画; 手部出画; 手部出画; 手部出画; 手部出画; 手部出画; 手部多次出画面; 手部多次出画面; 手部出画; 手部出画; 手部出画; 手部出画; 手部出画; 手部出画; 手部出画; 手部多次出画面; 手部出画
2026/2/28,de32,宁波,2.75,1.68,100.9,0.12,7.5,93.4,1.56,7.43%,-1.07,叠衣服,
2026/3/1,02b5,邯郸,7.25,7.24,434.4,0.97,58.28,376.12,6.27,13.42%,-0.01,药箱收纳,手部出画; 手部未漏全; 手部未漏全; 手部出画; 手部出画
2026/3/1,082c,河南,6.13,5.63,338.0,0.05,2.85,335.15,5.59,0.84%,-0.5,分拣晾晒衣物夹子,未工作; 手部出画
2026/3/1,1ec0,济宁,5.03,4.19,251.3,0.17,10.1,241.2,4.02,4.02%,-0.84,分拣乐高/积木零件,手部出画
2026/3/1,2180,邯郸,7.0,7.0,420.3,0.5,30.0,390.3,6.5,7.14%,0.0,折叠购物袋,手部出画; 手部出画; 手部出画
2026/3/1,2a31,邯郸,7.0,7.02,420.9,0.06,3.4,417.5,6.96,0.81%,0.02,整理袜子,未工作
2026/3/1,3215,邯郸,7.5,7.3,438.1,0.23,13.8,424.3,7.07,3.15%,-0.2,折叠购物袋,手部出画; 手部出画
2026/3/1,47c5,邯郸,5.0,5.0,300.3,0.35,21.08,279.22,4.65,7.02%,0.0,分类坚果/豆子,手部未漏全; 手部未露全
2026/3/1,4f53,河南,5.16,5.27,316.3,0.0,0.0,316.3,5.27,0.0%,0.11,整理洗漱用品,
2026/3/1,7f1a,邯郸,7.0,7.03,421.6,0.0,0.0,421.6,7.03,0.0%,0.03,整理文件,
2026/3/1,8128,邯郸,7.2,7.31,438.8,0.38,22.77,416.03,6.93,5.19%,0.11,整理零食、调料或玩具,手部出画; 手部出画; 手部出画; 手部出画
2026/3/1,896a,邯郸,6.8,6.82,409.5,0.59,35.54,373.96,6.23,8.68%,0.02,整理洗漱用品,未工作; 手部出画; 手部出画; 手部出画; 手部出画; 手部出画; 手部出画
2026/3/1,abe0,,0.0,0.14,8.2,0.0,0.0,8.2,0.14,0.0%,0.14,整理名片/会员卡/银行卡,
2026/3/1,b852,邯郸,7.0,0.83,50.0,0.0,0.0,50.0,0.83,0.0%,-6.17,分类坚果/豆子,
2026/3/1,c9ba,邯郸,7.15,7.14,428.7,0.0,0.0,428.7,7.14,0.0%,-0.01,收拾桌面,
2026/3/1,d877,济宁,5.01,4.64,278.5,0.71,42.81,235.69,3.93,15.37%,-0.37,电池安装,未工作; 手部未漏全; 手部出画; 手部出画; 手部出画; 手部出画; 手部未漏全; 手部未漏全; 手部未漏全; 手部出画; 手部出画; 手部出画; 手部出画; 手部出画; 手部未漏全; 手部出画; 手部出画; 手部未漏全
2026/3/2,02b5,邯郸,7.7,6.98,418.8,0.01,0.36,418.44,6.97,0.09%,-0.72,整理文件,
2026/3/2,082c,河南,5.4,7.68,461.0,0.17,10.45,450.55,7.51,2.27%,2.28,整理零食、调料或玩具,手部偶尔出框; 手部偶尔出框; 手部偶尔出框; 手部偶尔出框; 手部偶尔出框; 手部偶尔出框
2026/3/2,1af8,河南,0.0,3.61,216.5,0.46,27.83,188.67,3.14,12.85%,3.61,收拾桌面,
2026/3/2,1bd2,宁波,1.0,0.88,52.6,0.02,1.0,51.6,0.86,1.9%,-0.12,叠衣服,未工作; 未工作
2026/3/2,1ec0,济宁,5.11,0.13,7.6,0.0,0.0,7.6,0.13,0.0%,-4.98,分拣晾晒衣物夹子,
2026/3/2,2180,邯郸,7.0,5.08,304.7,0.04,2.32,302.38,5.04,0.76%,-1.92,整理袜子,
2026/3/2,2a31,邯郸,7.0,3.37,202.3,0.16,9.3,193.0,3.22,4.6%,-3.63,整理零食、调料或玩具,手部偶尔出框
2026/3/2,3215,邯郸,7.25,6.79,407.6,0.03,2.05,405.55,6.76,0.5%,-0.46,收拾桌面,
2026/3/2,33aa,济宁,0.0,0.03,1.7,0.03,1.7,0.0,0.0,100.0%,0.03,叠衣服,脱下设备
2026/3/2,5242,宁波,2.25,2.24,134.3,0.05,2.73,131.57,2.19,2.03%,-0.01,收拾桌面,
2026/3/2,7f1a,邯郸,7.5,6.8,407.9,0.35,21.2,386.7,6.44,5.2%,-0.7,收拾桌面,手出画面
2026/3/2,8128,邯郸,7.0,6.54,392.3,0.34,20.56,371.74,6.2,5.24%,-0.46,整理洗漱用品,
2026/3/2,896a,邯郸,6.0,4.01,240.8,0.22,13.32,227.48,3.79,5.53%,-1.99,整理耳机线/数据线,
2026/3/2,c9ba,邯郸,7.25,12.66,759.6,5.92,355.18,404.42,6.74,46.76%,5.41,整理碗筷,
2026/3/2,d020,济宁,0.0,0.2,12.1,0.2,12.1,0.0,0.0,100.0%,0.2,叠衣服,
2026/3/2,d877,济宁,5.2,6.86,411.6,0.34,20.19,391.41,6.52,4.91%,1.66,电池安装,手部出画; 手部出画; 手部偶尔出框
2026/3/2,d8db,河南,0.0,0.22,12.9,0.17,10.0,2.9,0.05,77.52%,0.22,整理耳机线/数据线,
2026/3/2,de32,宁波,1.3,1.34,80.3,0.0,0.0,80.3,1.34,0.0%,0.04,用抹布擦拭碗盘,
2026/3/3,082c,河南,1.3,1.5,90.3,0.01,0.63,89.67,1.49,0.7%,0.2,收拾桌面,
2026/3/3,2a8f,宁波,0.0,1.67,100.3,0.25,14.87,85.43,1.42,14.83%,1.67,整理鞋柜,
2026/3/3,d877,济宁,2.48,3.39,203.3,0.01,0.47,202.83,3.38,0.23%,0.91,分拣乐高/积木零件,
2026/3/4,02b5,邯郸,7.9,7.0,420.2,0.32,19.24,400.96,6.68,4.58%,-0.9,收拾桌面,
2026/3/4,2180,邯郸,6.0,0.21,12.5,0.0,0.0,12.5,0.21,0.0%,-5.79,整理耳机线/数据线,
2026/3/4,2a8f,宁波,0.0,4.01,240.7,0.45,26.89,213.81,3.56,11.17%,4.01,整理鞋带,未工作
2026/3/4,47c5,邯郸,7.45,0.33,20.0,0.0,0.0,20.0,0.33,0.0%,-7.12,整理袜子,
2026/3/4,7f1a,邯郸,7.6,3.36,201.7,0.0,0.0,201.7,3.36,0.0%,-4.24,收拾桌面,
2026/3/4,8128,邯郸,7.45,4.72,283.5,0.0,0.0,283.5,4.72,0.0%,-2.73,整理碗筷,
2026/3/4,896a,邯郸,7.0,0.13,7.7,0.0,0.0,7.7,0.13,0.0%,-6.87,整理碗筷,
2026/3/4,b852,邯郸,7.1,2.2,132.1,0.0,0.0,132.1,2.2,0.0%,-4.9,整理洗漱用品,
2026/3/4,c9ba,邯郸,7.7,6.42,385.5,0.0,0.0,385.5,6.42,0.0%,-1.28,药箱收纳,
2026/3/4,d8db,河南,0.0,6.73,403.7,5.71,342.43,61.27,1.02,84.82%,6.73,电池安装,手出画面; 手频繁出画; 手出画面; 手出画面; 手出画面; 手频繁出画; 手出画面; 手频繁出画面，未工作; 手频繁出画面; 手出画面; 未工作; 未工作; 未工作; 未工作; 未工作; 未工作; 未工作; 未工作; 未工作; 未工作; 未工作; 手频繁出画面; 手频繁出画面; 未工作; 手一直在摸数据线; 未工作
2026/3/4,de32,宁波,0.0,2.44,146.5,0.04,2.2,144.3,2.41,1.5%,2.44,穿鞋带,
2026/3/5,02b5,邯郸,7.4,6.96,417.8,1.18,70.77,347.03,5.78,16.94%,-0.44,整理碗筷,未工作; 未工作; 未工作; 未工作; 未工作; 未工作; 未工作; 与规定动作不符; 与规定动作不符; 与规定动作不符; 与规定工作不符; 与规定动作不符; 与规定动作不符; 与规定动作不符; 与规定动作不符; 与规定动作不符; 与规定动作不符; 未工作
2026/3/5,2180,邯郸,7.75,0.17,10.0,0.0,0.0,10.0,0.17,0.0%,-7.58,药箱收纳,
2026/3/5,2a31,邯郸,7.45,0.33,19.6,0.0,0.0,19.6,0.33,0.0%,-7.12,整理碗筷,
2026/3/5,2a8f,宁波,4.0,4.01,240.4,1.95,116.99,123.41,2.06,48.66%,0.01,整理鞋柜,未工作; 未工作; 未工作; 未工作; 未工作; 未工作; 未工作; 未工作; 未工作; 未工作; 未工作; 未工作
2026/3/5,3215,邯郸,6.0,5.98,358.6,0.76,45.34,313.26,5.22,12.64%,-0.02,整理零食、调料或玩具,与规定动作不符
2026/3/5,33aa,济宁,5.05,3.99,239.4,0.01,0.35,239.05,3.98,0.15%,-1.06,折叠购物袋,
2026/3/5,47c5,邯郸,7.0,1.62,97.5,0.01,0.75,96.75,1.61,0.77%,-5.38,收拾桌面,未工作; 未工作
2026/3/5,7f1a,邯郸,7.1,6.53,391.8,0.0,0.0,391.8,6.53,0.0%,-0.57,整理耳机线/数据线,
2026/3/5,8128,邯郸,7.4,0.33,20.0,0.0,0.0,20.0,0.33,0.0%,-7.07,整理袜子,
2026/3/5,896a,邯郸,7.5,2.38,143.0,0.04,2.13,140.87,2.35,1.49%,-5.12,分类坚果/豆子,
2026/3/5,b852,邯郸,7.75,0.83,50.0,0.0,0.0,50.0,0.83,0.0%,-6.92,收拾桌面,
2026/3/5,d020,济宁,5.03,4.87,292.0,0.0,0.0,292.0,4.87,0.0%,-0.16,分类坚果/豆子,
2026/3/5,de32,宁波,2.25,2.18,131.0,0.01,0.4,130.6,2.18,0.31%,-0.07,整理零食、调料或玩具,未工作
2026/3/6,02b5,邯郸,7.0,6.64,398.5,0.02,1.26,397.24,6.62,0.32%,-0.36,整理耳机线/数据线,
2026/3/6,1bd2,宁波,1.0,1.0,60.2,0.01,0.61,59.59,0.99,1.01%,0.0,整理袜子,
2026/3/6,2180,邯郸,7.45,6.87,412.4,0.03,1.6,410.8,6.85,0.39%,-0.58,整理碗筷,
2026/3/6,2a31,邯郸,7.1,6.44,386.1,0.01,0.73,282.97,4.72,0.19%,-0.66,电池安装,
2026/3/6,2a8f,宁波,4.0,3.99,239.7,2.32,139.13,100.57,1.68,58.04%,-0.01,整理鞋柜,未工作; 未工作; 未工作; 未工作
2026/3/6,3215,邯郸,7.5,6.83,409.7,0.0,0.0,409.7,6.83,0.0%,-0.67,收拾桌面,
2026/3/6,33aa,济宁,5.01,4.99,299.1,0.03,1.51,297.59,4.96,0.5%,-0.02,叠衣服,未工作
2026/3/6,47c5,邯郸,7.75,6.79,407.3,0.02,1.4,405.9,6.76,0.34%,-0.96,折叠购物袋,没有视频
2026/3/6,7f1a,邯郸,8.0,7.59,455.5,1.09,65.43,390.07,6.5,14.36%,-0.41,整理洗漱用品,
2026/3/6,8128,邯郸,6.0,6.05,362.8,0.01,0.85,361.95,6.03,0.23%,0.05,折叠购物袋,有效时长过短
2026/3/6,896a,邯郸,7.5,6.97,418.0,0.17,10.0,408.0,6.8,2.39%,-0.53,收拾桌面,
2026/3/6,b852,邯郸,7.6,7.76,465.8,2.05,122.86,342.94,5.72,26.38%,0.16,整理袜子,未工作; 未工作; 未工作; 未工作
2026/3/6,c9ba,邯郸,8.0,7.27,436.4,0.0,0.0,436.4,7.27,0.0%,-0.73,整理零食、调料或玩具,
2026/3/6,d020,济宁,5.07,5.11,306.7,4.92,294.92,11.78,0.2,96.16%,0.04,书本收纳,未工作; 未工作; 未工作; 未工作; 未工作; 未工作
2026/3/6,d8db,河南,0.0,0.19,11.4,0.19,11.38,0.02,0.0,99.82%,0.19,整理洗漱用品,
2026/3/6,de32,宁波,2.0,0.04,2.6,0.04,2.55,0.05,0.0,98.08%,-1.96,整理袜子,画面中多只手
2026/3/7,02b5,邯郸,5.5,5.43,325.9,0.0,0.0,325.9,5.43,0.0%,-0.07,整理零食、调料或玩具,
2026/3/7,1bd2,宁波,3.0,3.12,187.0,0.04,2.15,184.85,3.08,1.15%,0.12,整理袜子,
2026/3/7,2180,邯郸,7.5,7.49,449.5,0.0,0.0,449.5,7.49,0.0%,-0.01,收拾桌面,
2026/3/7,2a31,邯郸,5.0,4.92,294.9,0.58,35.09,259.81,4.33,11.9%,-0.08,Organize cosmetic samples,
2026/3/7,2a8f,宁波,3.0,0.84,50.1,0.25,15.16,19.84,0.33,30.26%,-2.16,电池安装,未工作
2026/3/7,3215,邯郸,7.6,7.58,454.6,0.83,49.86,404.74,6.75,10.97%,-0.02,整理碗筷,
2026/3/7,33aa,济宁,5.03,5.06,303.6,0.02,1.1,302.5,5.04,0.36%,0.03,整理碗筷,
2026/3/7,47c5,邯郸,7.5,7.32,439.4,0.17,10.0,429.4,7.16,2.28%,-0.18,整理洗漱用品,
2026/3/7,5242,宁波,0.0,1.12,67.0,0.08,4.74,62.26,1.04,7.07%,1.12,整理袜子,轻微频闪; 轻微频闪
2026/3/7,7f1a,邯郸,7.75,7.75,465.1,0.01,0.55,464.55,7.74,0.12%,0.0,整理碗筷,
2026/3/7,8128,邯郸,7.75,7.8,467.8,1.62,97.09,370.71,6.18,20.75%,0.05,电池安装,无意义动作过长; 无意义动作过长; 无意义动作过长; 无意义动作过长; 无意义动作过长; 无意义动作过长; 无意义动作过长; 无意义动作过长; 无意义动作过长; 无意义动作过长
2026/3/7,896a,邯郸,6.6,6.64,398.3,0.28,16.55,341.85,5.7,4.16%,0.04,分拣晾晒衣物夹子,
2026/3/7,b852,邯郸,7.5,6.98,419.0,0.0,0.0,419.0,6.98,0.0%,-0.52,整理袜子,
2026/3/7,c9ba,邯郸,7.0,7.06,423.4,0.06,3.42,419.98,7.0,0.81%,0.06,整理耳机线/数据线,有效时长过短; 有效时长过短; 有效时长过短
2026/3/7,d020,济宁,5.12,5.21,312.5,0.75,44.72,210.98,3.52,14.31%,0.09,分拣乐高/积木零件,1; 1; 1; 1; 1; 1; 1; 1
2026/3/7,d8db,河南,0.0,0.04,2.3,0.02,1.49,0.81,0.01,64.78%,0.04,整理名片/会员卡/银行卡,未工作
2026/3/8,02b5,邯郸,7.0,6.98,418.6,1.34,80.27,338.33,5.64,19.18%,-0.02,整理袜子,手部频繁出画面; 未工作
2026/3/8,1bd2,宁波,0.0,2.19,131.3,0.0,0.0,131.3,2.19,0.0%,2.19,整理袜子,
2026/3/8,3215,邯郸,7.45,7.71,462.8,0.17,10.0,452.8,7.55,2.16%,0.26,电池安装,无意义动作过长
2026/3/8,47c5,邯郸,7.5,7.56,453.6,0.34,20.46,433.14,7.22,4.51%,0.06,分拣晾晒衣物夹子,
2026/3/8,5242,宁波,0.0,1.48,88.5,0.0,0.0,88.5,1.48,0.0%,1.48,整理袜子,
2026/3/8,7f1a,邯郸,8.0,8.05,483.2,0.02,1.27,481.93,8.03,0.26%,0.05,分类坚果/豆子,
2026/3/8,8128,邯郸,6.5,6.37,382.1,0.18,10.87,371.23,6.19,2.84%,-0.13,整理耳机线/数据线,工作时间较短; 未工作; 未工作
2026/3/8,c9ba,邯郸,5.5,1.26,75.8,0.0,0.0,75.8,1.26,0.0%,-4.24,Organize cosmetic samples,
2026/3/8,d020,济宁,5.05,5.09,305.5,0.0,0.0,305.5,5.09,0.0%,0.04,整理袜子,
2026/3/9,02b5,邯郸,8.0,7.54,452.1,1.49,89.49,362.61,6.04,19.79%,-0.46,分类坚果/豆子,手出画面; 手出画面; 手出画面; 手出画面
2026/3/9,1af8,河南,0.0,5.15,309.1,0.06,3.42,200.38,3.34,1.11%,5.15,用抹布擦拭碗盘,
2026/3/9,1bd2,宁波,0.0,1.18,70.5,0.0,0.17,50.33,0.84,0.24%,1.18,穿鞋带,
2026/3/9,2180,邯郸,7.5,3.82,228.9,0.13,7.96,220.94,3.68,3.48%,-3.68,整理零食、调料或玩具,
2026/3/9,2a31,邯郸,7.2,1.27,76.2,0.0,0.0,76.2,1.27,0.0%,-5.93,整理洗漱用品,
2026/3/9,2a8f,宁波,0.0,3.01,180.3,0.54,32.52,90.38,1.51,18.04%,3.01,整理洗漱用品,
2026/3/9,3215,邯郸,7.0,3.59,215.3,0.07,4.05,211.25,3.52,1.88%,-3.41,分类坚果/豆子,视频无法打开
2026/3/9,47c5,邯郸,5.25,4.78,286.9,0.0,0.0,286.9,4.78,0.0%,-0.47,整理耳机线/数据线,
2026/3/9,5242,宁波,0.0,2.5,149.8,0.03,1.75,148.05,2.47,1.17%,2.5,整理袜子,未工作
2026/3/9,7f1a,邯郸,7.5,6.26,375.4,0.02,1.08,374.32,6.24,0.29%,-1.24,整理袜子,
2026/3/9,8128,邯郸,7.5,7.06,423.7,0.5,30.02,393.68,6.56,7.09%,-0.44,Organize cosmetic samples,没有视频; 有效时长过短
2026/3/9,896a,邯郸,8.0,0.57,34.4,0.03,1.69,18.31,0.31,4.91%,-7.43,电池安装,
2026/3/9,af7f,济宁,5.11,6.02,361.4,0.18,10.95,350.45,5.84,3.03%,0.91,擦拭桌面小摆件,没有视频
2026/3/9,b852,邯郸,7.75,1.05,63.0,0.0,0.0,63.0,1.05,0.0%,-6.7,整理文件,
2026/3/9,c9ba,邯郸,7.5,7.15,429.1,0.0,0.0,429.1,7.15,0.0%,-0.35,分拣晾晒衣物夹子,
2026/3/9,d020,济宁,5.02,5.02,301.4,0.0,0.0,301.4,5.02,0.0%,0.0,药箱收纳,
2026/3/10,02b5,邯郸,7.5,6.66,399.9,0.0,0.0,0.0,0.0,0.0%,-0.84,Organize cosmetic samples,
2026/3/10,082c,河南,0.0,1.2,71.9,0.0,0.0,71.9,1.2,0.0%,1.2,叠衣服,
2026/3/10,1af8,河南,5.07,5.12,307.0,0.0,0.0,0.0,0.0,0.0%,0.05,用抹布擦拭碗盘,
2026/3/10,1bd2,宁波,0.0,0.17,10.0,0.0,0.0,10.0,0.17,0.0%,0.17,穿鞋带,
2026/3/10,2a8f,宁波,0.0,1.25,74.7,0.0,0.0,0.0,0.0,0.0%,1.25,用抹布擦拭碗盘,
2026/3/10,3215,邯郸,6.75,1.65,99.1,0.03,1.9,50.6,0.84,1.92%,-5.1,整理洗漱用品,有效时长过短; 未工作
2026/3/10,3fff,丰县,0.0,0.04,2.1,0.04,2.1,0.0,0.0,100.0%,0.04,叠衣服,
2026/3/10,4aa8,丰县,0.0,0.09,5.6,0.09,5.57,0.03,0.0,99.46%,0.09,叠衣服,脱下设备
2026/3/10,6ea2,丰县,0.0,0.07,4.4,0.07,4.4,0.0,0.0,100.0%,0.07,叠衣服,脱下设备
2026/3/10,7088,丰县,0.0,0.04,2.1,0.03,2.08,0.02,0.0,99.05%,0.04,叠衣服,
2026/3/10,7f1a,邯郸,5.1,5.13,307.9,0.0,0.0,34.9,0.58,0.0%,0.03,折叠购物袋,
2026/3/10,8128,邯郸,7.0,6.42,385.2,0.0,0.0,0.0,0.0,0.0%,-0.58,分拣晾晒衣物夹子,
2026/3/10,896a,邯郸,7.3,0.95,57.1,0.0,0.0,0.0,0.0,0.0%,-6.35,整理袜子,
2026/3/10,98a7,丰县,0.0,0.05,3.2,0.05,3.2,0.0,0.0,100.0%,0.05,叠衣服,脱下设备
2026/3/10,af7f,济宁,5.07,5.11,306.6,0.0,0.0,37.1,0.62,0.0%,0.04,分拣乐高/积木零件,
2026/3/10,c9ba,邯郸,7.75,3.02,180.9,0.0,0.0,0.0,0.0,0.0%,-4.73,电池安装,
2026/3/10,d020,济宁,5.16,5.28,316.5,0.0,0.0,189.6,3.16,0.0%,0.12,穿鞋带,
2026-02-03,1af8,河南,3.0,0.0,0.0,0.0,0.0,0.0,0.0,0%,-3.0,,
2026-03-01,1af8,河南,0.0,0.0,0.0,0.0,0.0,0.0,0.0,0%,0.0,,
2026-02-28,1bd2,宁波,2.0,0.0,0.0,0.0,0.0,0.0,0.0,0%,-2.0,,
2026-02-10,1ec0,济宁,5.14,0.0,0.0,0.0,0.0,0.0,0.0,0%,-5.14,,
2026-03-03,1ec0,济宁,5.03,0.0,0.0,0.0,0.0,0.0,0.0,0%,-5.03,,
2026-03-08,1ec0,济宁,10.1,0.0,0.0,0.0,0.0,0.0,0.0,0%,-10.1,,
2026-03-09,1ec0,济宁,0.0,0.0,0.0,0.0,0.0,0.0,0.0,0%,0.0,,
2026-03-10,1ec0,济宁,5.03,0.0,0.0,0.0,0.0,0.0,0.0,0%,-5.03,,
2026-02-09,2180,邯郸,5.15,0.0,0.0,0.0,0.0,0.0,0.0,0%,-5.15,,
2026-03-10,2180,邯郸,7.5,0.0,0.0,0.0,0.0,0.0,0.0,0%,-7.5,,
2026-02-07,22ad,河南,1.43,0.0,0.0,0.0,0.0,0.0,0.0,0%,-1.43,,
2026-02-06,2a31,邯郸,3.02,0.0,0.0,0.0,0.0,0.0,0.0,0%,-3.02,,
2026-02-08,2a31,邯郸,6.11,0.0,0.0,0.0,0.0,0.0,0.0,0%,-6.11,,
2026-02-26,2a31,邯郸,5.0,0.0,0.0,0.0,0.0,0.0,0.0,0%,-5.0,,
2026-02-27,2a31,邯郸,7.1,0.0,0.0,0.0,0.0,0.0,0.0,0%,-7.1,,
2026-03-04,2a31,邯郸,7.2,0.0,0.0,0.0,0.0,0.0,0.0,0%,-7.2,,
2026-03-10,2a31,邯郸,7.25,0.0,0.0,0.0,0.0,0.0,0.0,0%,-7.25,,
2026-02-11,2d1c,丰县,2.23,0.0,0.0,0.0,0.0,0.0,0.0,0%,-2.23,,
2026-02-12,2f59,河南,10.99,0.0,0.0,0.0,0.0,0.0,0.0,0%,-10.99,,
2026-02-13,2f59,河南,5.0,0.0,0.0,0.0,0.0,0.0,0.0,0%,-5.0,,
2026-02-14,2f59,河南,6.06,0.0,0.0,0.0,0.0,0.0,0.0,0%,-6.06,,
2026-03-06,2台,河南,0.0,0.0,0.0,0.0,0.0,0.0,0.0,0%,0.0,,
2026-03-04,3215,邯郸,7.6,0.0,0.0,0.0,0.0,0.0,0.0,0%,-7.6,,
2026-02-09,3fff,丰县,5.0,0.0,0.0,0.0,0.0,0.0,0.0,0%,-5.0,,
2026-02-11,3fff,丰县,5.5,0.0,0.0,0.0,0.0,0.0,0.0,0%,-5.5,,
2026-02-12,3fff,丰县,5.3,0.0,0.0,0.0,0.0,0.0,0.0,0%,-5.3,,
2026-03-07,3台,河南,0.0,0.0,0.0,0.0,0.0,0.0,0.0,0%,0.0,,
2026-02-03,47c5,邯郸,7.0,0.0,0.0,0.0,0.0,0.0,0.0,0%,-7.0,,
2026-02-09,47c5,邯郸,6.5,0.0,0.0,0.0,0.0,0.0,0.0,0%,-6.5,,
2026-03-02,47c5,邯郸,5.0,0.0,0.0,0.0,0.0,0.0,0.0,0%,-5.0,,
2026-03-10,47c5,邯郸,7.25,0.0,0.0,0.0,0.0,0.0,0.0,0%,-7.25,,
2026-02-22,4aa8,丰县,5.2,0.0,0.0,0.0,0.0,0.0,0.0,0%,-5.2,,
2026-03-02,4f53,河南,0.0,0.0,0.0,0.0,0.0,0.0,0.0,0%,0.0,,
2026-02-10,5242,宁波,2.0,0.0,0.0,0.0,0.0,0.0,0.0,0%,-2.0,,
2026-02-25,5242,宁波,1.0,0.0,0.0,0.0,0.0,0.0,0.0,0%,-1.0,,
2026-02-11,528f,宁波,5.0,0.0,0.0,0.0,0.0,0.0,0.0,0%,-5.0,,
2026-02-12,528f,宁波,5.0,0.0,0.0,0.0,0.0,0.0,0.0,0%,-5.0,,
2026-02-14,528f,宁波,3.5,0.0,0.0,0.0,0.0,0.0,0.0,0%,-3.5,,
2026-02-07,6a87,宁波,5.47,0.0,0.0,0.0,0.0,0.0,0.0,0%,-5.47,,
2026-02-09,6ea2,丰县,0.0,0.0,0.0,0.0,0.0,0.0,0.0,0%,0.0,,
2026-02-11,6ea2,丰县,5.0,0.0,0.0,0.0,0.0,0.0,0.0,0%,-5.0,,
2026-02-10,7088,丰县,5.1,0.0,0.0,0.0,0.0,0.0,0.0,0%,-5.1,,
2026-02-24,7088,丰县,5.0,0.0,0.0,0.0,0.0,0.0,0.0,0%,-5.0,,
2026-02-25,7088,丰县,5.0,0.0,0.0,0.0,0.0,0.0,0.0,0%,-5.0,,
2026-02-07,7f1a,邯郸,5.12,0.0,0.0,0.0,0.0,0.0,0.0,0%,-5.12,,
2026-02-08,7f1a,邯郸,5.92,0.0,0.0,0.0,0.0,0.0,0.0,0%,-5.92,,
2026-02-10,7f1a,邯郸,5.5,0.0,0.0,0.0,0.0,0.0,0.0,0%,-5.5,,
2026-02-27,896a,邯郸,7.5,0.0,0.0,0.0,0.0,0.0,0.0,0%,-7.5,,
2026-02-12,98a7,丰县,2.0,0.0,0.0,0.0,0.0,0.0,0.0,0%,-2.0,,
2026-02-03,9921,丰县,4.1,0.0,0.0,0.0,0.0,0.0,0.0,0%,-4.1,,
2026-02-05,9921,丰县,0.0,0.0,0.0,0.0,0.0,0.0,0.0,0%,0.0,,
2026-03-07,af7f,济宁,5.04,0.0,0.0,0.0,0.0,0.0,0.0,0%,-5.04,,
2026-02-09,b852,邯郸,1.5,0.0,0.0,0.0,0.0,0.0,0.0,0%,-1.5,,
2026-03-02,b852,邯郸,7.0,0.0,0.0,0.0,0.0,0.0,0.0,0%,-7.0,,
2026-03-10,b852,邯郸,7.25,0.0,0.0,0.0,0.0,0.0,0.0,0%,-7.25,,
2026-03-05,c9ba,邯郸,7.5,0.0,0.0,0.0,0.0,0.0,0.0,0%,-7.5,,
2026-02-21,d877,济宁,5.2,0.0,0.0,0.0,0.0,0.0,0.0,0%,-5.2,,
2026-03-05,d877,济宁,5.0,0.0,0.0,0.0,0.0,0.0,0.0,0%,-5.0,,
2026-03-07,d877,济宁,5.11,0.0,0.0,0.0,0.0,0.0,0.0,0%,-5.11,,
2026-03-08,d877,济宁,5.0,0.0,0.0,0.0,0.0,0.0,0.0,0%,-5.0,,
2026-03-09,d877,济宁,5.0,0.0,0.0,0.0,0.0,0.0,0.0,0%,-5.0,,
2026-03-10,d877,济宁,5.0,0.0,0.0,0.0,0.0,0.0,0.0,0%,-5.0,,
2026-02-03,ee38,河南,3.0,0.0,0.0,0.0,0.0,0.0,0.0,0%,-3.0,,
2026-02-06,ee38,河南,0.0,0.0,0.0,0.0,0.0,0.0,0.0,0%,0.0,,
2026-02-07,ee38,河南,0.0,0.0,0.0,0.0,0.0,0.0,0.0,0%,0.0,,
2026-02-10,f20e,济宁,5.4,0.0,0.0,0.0,0.0,0.0,0.0,0%,-5.4,,
2026-02-12,f20e,济宁,6.32,0.0,0.0,0.0,0.0,0.0,0.0,0%,-6.32,,
2026-02-26,f20e,济宁,5.1,0.0,0.0,0.0,0.0,0.0,0.0,0%,-5.1,,
2026-02-27,f20e,济宁,5.1,0.0,0.0,0.0,0.0,0.0,0.0,0%,-5.1,,
2026-03-01,f20e,济宁,5.09,0.0,0.0,0.0,0.0,0.0,0.0,0%,-5.09,,
2026-03-02,f20e,济宁,5.05,0.0,0.0,0.0,0.0,0.0,0.0,0%,-5.05,,
2026-03-03,f20e,济宁,5.06,0.0,0.0,0.0,0.0,0.0,0.0,0%,-5.06,,
2026-03-04,f20e,济宁,5.03,0.0,0.0,0.0,0.0,0.0,0.0,0%,-5.03,,
2026-03-09,f20e,济宁,5.02,0.0,0.0,0.0,0.0,0.0,0.0,0%,-5.02,,
2026-03-10,f20e,济宁,5.06,0.0,0.0,0.0,0.0,0.0,0.0,0%,-5.06,,
